,w_index,time,tavg,tmin,tmax,prcp,snow,wdir,wspd,wpgt,pres,tsun,Airport_Code,tavg_cat,prcp_cat,wspd_cat
0,ATL 2022-04-10,2022-04-10,12.0,0.6,23.3,0.0,0.0,303.0,5.2,,1018.5,,ATL,c) 10-20,a) 0-1,b) Light or Gentle Breeze
1,ATL 2022-04-11,2022-04-11,14.4,6.7,21.1,0.0,0.0,308.0,4.7,,1019.6,,ATL,c) 10-20,a) 0-1,a) Calm or Light Air
2,ATL 2022-04-12,2022-04-12,19.4,11.7,27.2,0.0,0.0,265.0,7.6,,1019.4,,ATL,c) 10-20,a) 0-1,b) Light or Gentle Breeze
3,ATL 2022-04-13,2022-04-13,21.2,16.7,25.0,0.0,0.0,173.0,12.2,,1015.8,,ATL,d) 20-30,a) 0-1,b) Light or Gentle Breeze
4,ATL 2022-04-14,2022-04-14,19.7,15.6,23.9,1.0,0.0,283.0,12.2,,1014.9,,ATL,c) 10-20,a) 0-1,b) Light or Gentle Breeze
5,ATL 2022-04-15,2022-04-15,16.5,5.0,25.0,0.0,0.0,62.0,7.9,,1020.0,,ATL,c) 10-20,a) 0-1,b) Light or Gentle Breeze
6,ATL 2022-04-16,2022-04-16,18.5,14.4,21.7,24.0,0.0,91.0,8.6,,1016.7,,ATL,c) 10-20,d) 20-30,b) Light or Gentle Breeze
7,ATL 2022-04-17,2022-04-17,18.5,13.9,23.3,5.0,0.0,345.0,3.3,,1015.3,,ATL,c) 10-20,b) 1-10,a) Calm or Light Air
8,ATL 2022-04-18,2022-04-18,17.1,10.0,21.7,15.1,0.0,285.0,13.9,,1014.3,,ATL,c) 10-20,c) 10-20,b) Light or Gentle Breeze
9,ATL 2022-04-19,2022-04-19,10.8,5.0,17.2,0.0,0.0,332.0,13.2,,1022.0,,ATL,c) 10-20,a) 0-1,b) Light or Gentle Breeze
10,ATL 2022-04-20,2022-04-20,13.4,3.9,22.2,0.0,0.0,78.0,9.0,,1025.6,,ATL,c) 10-20,a) 0-1,b) Light or Gentle Breeze
11,ATL 2022-04-21,2022-04-21,18.6,13.3,24.4,0.0,0.0,127.0,9.5,,1028.1,,ATL,c) 10-20,a) 0-1,b) Light or Gentle Breeze
12,ATL 2022-04-22,2022-04-22,19.2,10.6,27.2,0.0,0.0,29.0,4.6,,1027.7,,ATL,c) 10-20,a) 0-1,a) Calm or Light Air
13,ATL 2022-04-23,2022-04-23,20.1,11.7,27.2,0.0,0.0,74.0,7.1,,1023.8,,ATL,d) 20-30,a) 0-1,b) Light or Gentle Breeze
14,ATL 2022-04-24,2022-04-24,21.2,14.4,26.7,0.0,0.0,161.0,7.6,,1021.5,,ATL,d) 20-30,a) 0-1,b) Light or Gentle Breeze
15,ATL 2022-04-25,2022-04-25,21.1,13.3,28.9,0.0,0.0,294.0,5.6,,1019.6,,ATL,d) 20-30,a) 0-1,b) Light or Gentle Breeze
16,ATL 2022-04-26,2022-04-26,17.2,14.4,20.0,2.8,0.0,342.0,7.1,,1020.2,,ATL,c) 10-20,b) 1-10,b) Light or Gentle Breeze
17,ATL 2022-04-27,2022-04-27,16.3,7.8,24.4,0.0,0.0,353.0,7.2,,1020.8,,ATL,c) 10-20,a) 0-1,b) Light or Gentle Breeze
18,ATL 2022-04-28,2022-04-28,17.4,7.2,25.6,0.0,0.0,67.0,6.0,,1019.9,,ATL,c) 10-20,a) 0-1,b) Light or Gentle Breeze
19,ATL 2022-04-29,2022-04-29,18.3,10.0,26.1,0.0,0.0,50.0,5.8,,1018.5,,ATL,c) 10-20,a) 0-1,b) Light or Gentle Breeze
20,ATL 2022-04-30,2022-04-30,20.9,12.8,26.7,0.0,0.0,158.0,8.4,,1016.9,,ATL,d) 20-30,a) 0-1,b) Light or Gentle Breeze
21,ATL 2022-05-01,2022-05-01,21.6,16.1,27.2,0.0,0.0,252.0,8.0,,1016.7,,ATL,d) 20-30,a) 0-1,b) Light or Gentle Breeze
22,ATL 2022-05-02,2022-05-02,23.4,17.2,30.0,0.0,0.0,284.0,5.8,,1017.4,,ATL,d) 20-30,a) 0-1,b) Light or Gentle Breeze
23,ATL 2022-05-03,2022-05-03,23.4,16.7,30.0,0.0,0.0,271.0,7.9,,1016.3,,ATL,d) 20-30,a) 0-1,b) Light or Gentle Breeze
24,ATL 2022-05-04,2022-05-04,22.9,17.8,29.4,8.4,0.0,325.0,6.5,,1016.5,,ATL,d) 20-30,b) 1-10,b) Light or Gentle Breeze
25,ATL 2022-05-05,2022-05-05,23.9,17.2,30.6,0.0,0.0,311.0,5.1,,1015.1,,ATL,d) 20-30,a) 0-1,b) Light or Gentle Breeze
26,ATL 2022-05-06,2022-05-06,23.0,20.6,27.2,5.4,0.0,233.0,15.3,,1007.2,,ATL,d) 20-30,b) 1-10,b) Light or Gentle Breeze
27,ATL 2022-05-07,2022-05-07,17.3,15.0,20.0,0.0,0.0,293.0,16.5,,1007.0,,ATL,c) 10-20,a) 0-1,b) Light or Gentle Breeze
28,ATL 2022-05-08,2022-05-08,15.8,11.7,20.6,0.0,0.0,12.0,5.0,,1012.2,,ATL,c) 10-20,a) 0-1,a) Calm or Light Air
29,ATL 2022-05-09,2022-05-09,17.4,12.8,23.3,0.0,0.0,68.0,10.1,,1019.5,,ATL,c) 10-20,a) 0-1,b) Light or Gentle Breeze
30,ATL 2022-05-10,2022-05-10,18.8,10.0,27.2,0.0,0.0,15.0,5.0,,1022.5,,ATL,c) 10-20,a) 0-1,a) Calm or Light Air
31,ATL 2022-05-11,2022-05-11,20.7,12.8,28.3,0.0,0.0,358.0,4.8,,1020.8,,ATL,d) 20-30,a) 0-1,a) Calm or Light Air
32,ATL 2022-05-12,2022-05-12,22.9,14.4,29.4,0.0,0.0,51.0,9.8,,1017.7,,ATL,d) 20-30,a) 0-1,b) Light or Gentle Breeze
33,BOS 2022-04-10,2022-04-10,8.8,5.0,13.3,0.0,0.0,293.0,22.3,,1003.6,560.0,BOS,b) 0-10,a) 0-1,c) Moderate or Fresh Breeze
34,BOS 2022-04-11,2022-04-11,9.8,4.4,17.8,0.0,0.0,270.0,19.1,,1014.7,728.0,BOS,b) 0-10,a) 0-1,c) Moderate or Fresh Breeze
35,BOS 2022-04-12,2022-04-12,13.2,9.4,21.1,0.8,0.0,255.0,15.5,,1013.8,349.0,BOS,c) 10-20,a) 0-1,b) Light or Gentle Breeze
36,BOS 2022-04-13,2022-04-13,15.7,8.3,22.8,0.0,0.0,235.0,14.8,,1015.8,670.0,BOS,c) 10-20,a) 0-1,b) Light or Gentle Breeze
37,BOS 2022-04-14,2022-04-14,10.1,7.8,10.0,5.8,0.0,5.0,15.1,,1011.4,0.0,BOS,c) 10-20,b) 1-10,b) Light or Gentle Breeze
38,BOS 2022-04-15,2022-04-15,12.6,7.8,19.4,0.0,0.0,273.0,20.9,,1016.2,691.0,BOS,c) 10-20,a) 0-1,c) Moderate or Fresh Breeze
39,BOS 2022-04-16,2022-04-16,15.4,6.1,22.2,9.9,0.0,220.0,26.3,,1012.3,314.0,BOS,c) 10-20,b) 1-10,c) Moderate or Fresh Breeze
40,BOS 2022-04-17,2022-04-17,7.8,5.0,10.0,0.0,0.0,305.0,21.2,,1015.8,461.0,BOS,b) 0-10,a) 0-1,c) Moderate or Fresh Breeze
41,BOS 2022-04-18,2022-04-18,7.2,3.9,10.0,0.0,0.0,65.0,22.3,,1026.4,616.0,BOS,b) 0-10,a) 0-1,c) Moderate or Fresh Breeze
42,BOS 2022-04-19,2022-04-19,9.3,6.1,15.0,14.2,0.0,185.0,34.9,,1005.9,325.0,BOS,b) 0-10,c) 10-20,c) Moderate or Fresh Breeze
43,BOS 2022-04-20,2022-04-20,8.6,5.0,13.9,0.0,0.0,272.0,23.0,,1021.5,808.0,BOS,b) 0-10,a) 0-1,c) Moderate or Fresh Breeze
44,BOS 2022-04-21,2022-04-21,10.3,5.0,16.7,0.0,0.0,149.0,24.5,,1031.1,541.0,BOS,c) 10-20,a) 0-1,c) Moderate or Fresh Breeze
45,BOS 2022-04-22,2022-04-22,13.5,9.4,18.3,0.0,0.0,288.0,22.7,,1025.1,699.0,BOS,c) 10-20,a) 0-1,c) Moderate or Fresh Breeze
46,BOS 2022-04-23,2022-04-23,10.9,7.2,14.4,0.0,0.0,7.0,13.0,,1026.8,577.0,BOS,c) 10-20,a) 0-1,b) Light or Gentle Breeze
47,BOS 2022-04-24,2022-04-24,8.6,6.1,12.2,0.0,0.0,83.0,16.2,,1026.1,165.0,BOS,b) 0-10,a) 0-1,b) Light or Gentle Breeze
48,BOS 2022-04-25,2022-04-25,9.3,7.8,11.7,0.0,0.0,88.0,16.9,,1025.1,464.0,BOS,b) 0-10,a) 0-1,b) Light or Gentle Breeze
49,BOS 2022-04-26,2022-04-26,9.6,7.8,12.8,5.8,0.0,195.0,12.6,,1019.1,0.0,BOS,b) 0-10,b) 1-10,b) Light or Gentle Breeze
50,BOS 2022-04-27,2022-04-27,11.4,5.6,15.0,2.3,0.0,304.0,24.1,,1008.4,350.0,BOS,c) 10-20,b) 1-10,c) Moderate or Fresh Breeze
51,BOS 2022-04-28,2022-04-28,7.6,3.9,11.7,0.0,0.0,310.0,29.5,,1010.6,669.0,BOS,b) 0-10,a) 0-1,c) Moderate or Fresh Breeze
52,BOS 2022-04-29,2022-04-29,8.4,4.4,13.9,0.0,0.0,322.0,23.8,,1014.4,664.0,BOS,b) 0-10,a) 0-1,c) Moderate or Fresh Breeze
53,BOS 2022-04-30,2022-04-30,8.6,5.0,12.2,0.0,0.0,7.0,14.8,,1017.9,690.0,BOS,b) 0-10,a) 0-1,b) Light or Gentle Breeze
54,BOS 2022-05-01,2022-05-01,11.2,7.2,16.1,0.0,0.0,215.0,15.5,,1018.9,786.0,BOS,c) 10-20,a) 0-1,b) Light or Gentle Breeze
55,BOS 2022-05-02,2022-05-02,10.6,7.2,13.3,4.1,0.0,112.0,15.1,,1020.5,59.0,BOS,c) 10-20,b) 1-10,b) Light or Gentle Breeze
56,BOS 2022-05-03,2022-05-03,8.9,7.8,11.7,2.3,0.0,63.0,16.9,,1022.3,229.0,BOS,b) 0-10,b) 1-10,b) Light or Gentle Breeze
57,BOS 2022-05-04,2022-05-04,9.3,8.3,12.2,3.0,0.0,58.0,10.4,,1016.7,0.0,BOS,b) 0-10,b) 1-10,b) Light or Gentle Breeze
58,BOS 2022-05-05,2022-05-05,13.8,10.0,21.1,0.0,0.0,323.0,11.9,,1016.0,666.0,BOS,c) 10-20,a) 0-1,b) Light or Gentle Breeze
59,BOS 2022-05-06,2022-05-06,13.7,10.0,16.1,0.0,0.0,142.0,11.2,,1014.6,51.0,BOS,c) 10-20,a) 0-1,b) Light or Gentle Breeze
60,BOS 2022-05-07,2022-05-07,10.3,7.8,11.7,0.0,0.0,47.0,33.5,,1015.8,112.0,BOS,c) 10-20,a) 0-1,c) Moderate or Fresh Breeze
61,BOS 2022-05-08,2022-05-08,8.9,5.6,12.2,0.0,0.0,45.0,27.0,,1022.7,621.0,BOS,b) 0-10,a) 0-1,c) Moderate or Fresh Breeze
62,BOS 2022-05-09,2022-05-09,9.1,5.0,13.3,0.0,0.0,31.0,27.7,,1026.9,838.0,BOS,b) 0-10,a) 0-1,c) Moderate or Fresh Breeze
63,BOS 2022-05-10,2022-05-10,11.0,7.2,14.4,0.0,0.0,37.0,24.8,,1030.3,866.0,BOS,c) 10-20,a) 0-1,c) Moderate or Fresh Breeze
64,BOS 2022-05-11,2022-05-11,10.4,7.8,15.6,0.0,0.0,48.0,18.7,,1027.8,182.0,BOS,c) 10-20,a) 0-1,b) Light or Gentle Breeze
65,BOS 2022-05-12,2022-05-12,12.2,10.6,15.6,0.0,0.0,58.0,10.4,,1027.3,487.0,BOS,c) 10-20,a) 0-1,b) Light or Gentle Breeze
66,CLT 2022-04-10,2022-04-10,9.6,-0.5,21.1,0.0,0.0,251.0,8.3,,1017.9,,CLT,b) 0-10,a) 0-1,b) Light or Gentle Breeze
67,CLT 2022-04-11,2022-04-11,16.8,7.2,26.7,0.0,0.0,212.0,13.7,,1018.9,,CLT,c) 10-20,a) 0-1,b) Light or Gentle Breeze
68,CLT 2022-04-12,2022-04-12,20.0,11.7,27.2,0.0,0.0,219.0,11.2,,1019.8,,CLT,c) 10-20,a) 0-1,b) Light or Gentle Breeze
69,CLT 2022-04-13,2022-04-13,20.7,15.0,27.8,0.0,0.0,195.0,16.9,,1017.6,,CLT,d) 20-30,a) 0-1,b) Light or Gentle Breeze
70,CLT 2022-04-14,2022-04-14,21.1,15.6,26.1,0.0,0.0,205.0,15.1,,1013.7,,CLT,d) 20-30,a) 0-1,b) Light or Gentle Breeze
71,CLT 2022-04-15,2022-04-15,18.2,11.7,23.3,0.0,0.0,68.0,13.0,,1021.1,,CLT,c) 10-20,a) 0-1,b) Light or Gentle Breeze
72,CLT 2022-04-16,2022-04-16,17.4,11.7,24.4,0.0,0.0,225.0,9.7,,1017.3,,CLT,c) 10-20,a) 0-1,b) Light or Gentle Breeze
73,CLT 2022-04-17,2022-04-17,19.4,11.7,26.7,0.8,0.0,52.0,11.5,,1015.4,,CLT,c) 10-20,a) 0-1,b) Light or Gentle Breeze
74,CLT 2022-04-18,2022-04-18,13.3,7.8,17.2,44.2,0.0,31.0,16.2,,1015.4,,CLT,c) 10-20,e) 30+,b) Light or Gentle Breeze
75,CLT 2022-04-19,2022-04-19,10.6,2.8,17.2,0.0,0.0,314.0,10.8,,1019.3,,CLT,c) 10-20,a) 0-1,b) Light or Gentle Breeze
76,CLT 2022-04-20,2022-04-20,12.0,3.9,19.4,0.0,0.0,127.0,13.0,,1028.5,,CLT,c) 10-20,a) 0-1,b) Light or Gentle Breeze
77,CLT 2022-04-21,2022-04-21,16.1,9.4,23.9,0.0,0.0,209.0,7.9,,1030.0,,CLT,c) 10-20,a) 0-1,b) Light or Gentle Breeze
78,CLT 2022-04-22,2022-04-22,19.9,11.1,28.9,0.0,0.0,304.0,4.0,,1028.0,,CLT,c) 10-20,a) 0-1,a) Calm or Light Air
79,CLT 2022-04-23,2022-04-23,21.4,14.4,27.2,0.0,0.0,216.0,9.4,,1024.8,,CLT,d) 20-30,a) 0-1,b) Light or Gentle Breeze
80,CLT 2022-04-24,2022-04-24,21.2,15.0,27.2,0.0,0.0,217.0,11.2,,1022.4,,CLT,d) 20-30,a) 0-1,b) Light or Gentle Breeze
81,CLT 2022-04-25,2022-04-25,21.6,15.6,28.9,0.0,0.0,211.0,12.2,,1019.8,,CLT,d) 20-30,a) 0-1,b) Light or Gentle Breeze
82,CLT 2022-04-26,2022-04-26,21.9,13.9,28.9,0.0,0.0,245.0,14.0,,1017.7,,CLT,d) 20-30,a) 0-1,b) Light or Gentle Breeze
83,CLT 2022-04-27,2022-04-27,16.4,5.0,23.9,0.0,0.0,356.0,10.8,,1020.3,,CLT,c) 10-20,a) 0-1,b) Light or Gentle Breeze
84,CLT 2022-04-28,2022-04-28,16.2,6.1,24.4,0.0,0.0,340.0,8.3,,1020.7,,CLT,c) 10-20,a) 0-1,b) Light or Gentle Breeze
85,CLT 2022-04-29,2022-04-29,18.1,12.2,24.4,0.0,0.0,320.0,7.2,,1019.9,,CLT,c) 10-20,a) 0-1,b) Light or Gentle Breeze
86,CLT 2022-04-30,2022-04-30,21.2,16.7,27.2,0.0,0.0,211.0,11.5,,1018.5,,CLT,d) 20-30,a) 0-1,b) Light or Gentle Breeze
87,CLT 2022-05-01,2022-05-01,20.5,13.9,27.8,0.0,0.0,216.0,12.2,,1017.3,,CLT,d) 20-30,a) 0-1,b) Light or Gentle Breeze
88,CLT 2022-05-02,2022-05-02,22.6,16.7,30.6,0.0,0.0,207.0,9.4,,1016.8,,CLT,d) 20-30,a) 0-1,b) Light or Gentle Breeze
89,CLT 2022-05-03,2022-05-03,23.7,17.2,30.6,2.0,0.0,203.0,14.0,,1016.2,,CLT,d) 20-30,b) 1-10,b) Light or Gentle Breeze
90,CLT 2022-05-04,2022-05-04,23.8,19.4,31.1,22.9,0.0,197.0,12.2,,1014.4,,CLT,d) 20-30,d) 20-30,b) Light or Gentle Breeze
91,CLT 2022-05-05,2022-05-05,21.9,17.2,27.8,0.0,0.0,32.0,11.2,,1015.5,,CLT,d) 20-30,a) 0-1,b) Light or Gentle Breeze
92,CLT 2022-05-06,2022-05-06,22.3,17.2,27.8,1.3,0.0,169.0,16.2,,1007.0,,CLT,d) 20-30,b) 1-10,b) Light or Gentle Breeze
93,CLT 2022-05-07,2022-05-07,19.3,12.8,24.4,0.3,0.0,288.0,12.2,,1002.6,,CLT,c) 10-20,a) 0-1,b) Light or Gentle Breeze
94,CLT 2022-05-08,2022-05-08,13.5,10.0,15.6,0.0,0.0,38.0,19.1,,1014.6,,CLT,c) 10-20,a) 0-1,c) Moderate or Fresh Breeze
95,CLT 2022-05-09,2022-05-09,14.6,6.7,22.8,0.0,0.0,19.0,11.5,,1021.4,,CLT,c) 10-20,a) 0-1,b) Light or Gentle Breeze
96,CLT 2022-05-10,2022-05-10,17.8,6.7,26.7,0.0,0.0,13.0,14.0,,1023.0,,CLT,c) 10-20,a) 0-1,b) Light or Gentle Breeze
97,CLT 2022-05-11,2022-05-11,19.7,10.6,27.2,0.0,0.0,25.0,16.9,,1022.0,,CLT,c) 10-20,a) 0-1,b) Light or Gentle Breeze
98,CLT 2022-05-12,2022-05-12,20.3,14.4,25.6,0.8,0.0,38.0,19.8,,1019.9,,CLT,d) 20-30,a) 0-1,c) Moderate or Fresh Breeze
99,DEN 2022-04-10,2022-04-10,9.1,1.1,13.9,0.3,0.0,7.0,23.0,,1002.0,,DEN,b) 0-10,a) 0-1,c) Moderate or Fresh Breeze
100,DEN 2022-04-11,2022-04-11,7.1,-3.2,18.3,0.0,0.0,174.0,23.8,,999.6,,DEN,b) 0-10,a) 0-1,c) Moderate or Fresh Breeze
101,DEN 2022-04-12,2022-04-12,10.9,-3.2,15.6,0.0,0.0,314.0,25.2,,991.6,,DEN,c) 10-20,a) 0-1,c) Moderate or Fresh Breeze
102,DEN 2022-04-13,2022-04-13,-0.7,-12.1,6.7,0.0,0.0,298.0,22.3,,1011.1,,DEN,a) <0,a) 0-1,c) Moderate or Fresh Breeze
103,DEN 2022-04-14,2022-04-14,3.3,-7.7,15.0,0.0,0.0,248.0,20.5,,1011.2,,DEN,b) 0-10,a) 0-1,c) Moderate or Fresh Breeze
104,DEN 2022-04-15,2022-04-15,7.9,-2.1,16.1,0.0,0.0,94.0,19.4,,1007.8,,DEN,b) 0-10,a) 0-1,c) Moderate or Fresh Breeze
105,DEN 2022-04-16,2022-04-16,4.2,-3.2,16.7,0.0,0.0,189.0,19.8,,1014.3,,DEN,b) 0-10,a) 0-1,c) Moderate or Fresh Breeze
106,DEN 2022-04-17,2022-04-17,9.7,0.0,20.0,0.0,0.0,297.0,23.8,,1013.4,,DEN,b) 0-10,a) 0-1,c) Moderate or Fresh Breeze
107,DEN 2022-04-18,2022-04-18,7.0,-5.5,18.3,0.0,0.0,116.0,19.1,,1020.9,,DEN,b) 0-10,a) 0-1,c) Moderate or Fresh Breeze
108,DEN 2022-04-19,2022-04-19,12.2,2.2,26.7,0.0,0.0,294.0,11.9,,1001.6,,DEN,c) 10-20,a) 0-1,b) Light or Gentle Breeze
109,DEN 2022-04-20,2022-04-20,14.8,1.7,21.1,0.0,0.0,106.0,21.2,,1003.3,,DEN,c) 10-20,a) 0-1,c) Moderate or Fresh Breeze
110,DEN 2022-04-21,2022-04-21,14.8,3.9,26.7,0.0,0.0,154.0,34.6,,1007.4,,DEN,c) 10-20,a) 0-1,c) Moderate or Fresh Breeze
111,DEN 2022-04-22,2022-04-22,21.6,10.6,31.7,0.0,0.0,197.0,32.8,,993.9,,DEN,d) 20-30,a) 0-1,c) Moderate or Fresh Breeze
112,DEN 2022-04-23,2022-04-23,13.7,1.1,16.7,0.0,0.0,293.0,20.9,,998.2,,DEN,c) 10-20,a) 0-1,c) Moderate or Fresh Breeze
113,DEN 2022-04-24,2022-04-24,7.0,-2.1,12.8,0.0,0.0,29.0,16.9,,1016.9,,DEN,b) 0-10,a) 0-1,b) Light or Gentle Breeze
114,DEN 2022-04-25,2022-04-25,6.5,0.6,14.4,0.0,0.0,85.0,9.0,,1024.3,,DEN,b) 0-10,a) 0-1,b) Light or Gentle Breeze
115,DEN 2022-04-26,2022-04-26,10.5,2.2,22.8,0.0,0.0,172.0,15.5,,1016.0,,DEN,c) 10-20,a) 0-1,b) Light or Gentle Breeze
116,DEN 2022-04-27,2022-04-27,14.8,6.7,23.3,0.0,0.0,208.0,16.9,,1008.4,,DEN,c) 10-20,a) 0-1,b) Light or Gentle Breeze
117,DEN 2022-04-28,2022-04-28,15.2,5.0,25.0,0.0,0.0,203.0,19.4,,1003.6,,DEN,c) 10-20,a) 0-1,c) Moderate or Fresh Breeze
118,DEN 2022-04-29,2022-04-29,15.5,3.9,18.9,1.3,0.0,308.0,25.9,,1001.2,,DEN,c) 10-20,b) 1-10,c) Moderate or Fresh Breeze
119,DEN 2022-04-30,2022-04-30,9.8,2.2,18.3,0.0,0.0,23.0,14.0,,1013.2,,DEN,b) 0-10,a) 0-1,b) Light or Gentle Breeze
120,DEN 2022-05-01,2022-05-01,9.8,0.0,20.0,10.7,0.0,133.0,26.6,,1010.4,,DEN,b) 0-10,c) 10-20,c) Moderate or Fresh Breeze
121,DEN 2022-05-02,2022-05-02,5.9,0.6,6.1,11.7,0.0,39.0,18.0,,1013.0,,DEN,b) 0-10,c) 10-20,b) Light or Gentle Breeze
122,DEN 2022-05-03,2022-05-03,5.2,0.0,15.0,0.5,0.0,11.0,14.4,,1010.4,,DEN,b) 0-10,a) 0-1,b) Light or Gentle Breeze
123,DEN 2022-05-04,2022-05-04,7.2,4.4,10.0,2.3,0.0,66.0,13.7,,1012.9,,DEN,b) 0-10,b) 1-10,b) Light or Gentle Breeze
124,DEN 2022-05-05,2022-05-05,9.8,4.4,20.6,0.0,0.0,294.0,12.6,,1012.7,,DEN,b) 0-10,a) 0-1,b) Light or Gentle Breeze
125,DEN 2022-05-06,2022-05-06,18.0,8.3,27.8,0.0,0.0,164.0,14.4,,1005.5,,DEN,c) 10-20,a) 0-1,b) Light or Gentle Breeze
126,DEN 2022-05-07,2022-05-07,20.9,10.0,31.7,0.0,0.0,218.0,21.2,,997.6,,DEN,d) 20-30,a) 0-1,c) Moderate or Fresh Breeze
127,DEN 2022-05-08,2022-05-08,15.7,6.7,25.0,0.0,0.0,167.0,28.8,,994.4,,DEN,c) 10-20,a) 0-1,c) Moderate or Fresh Breeze
128,DEN 2022-05-09,2022-05-09,14.1,5.6,22.2,0.0,0.0,51.0,20.5,,997.7,,DEN,c) 10-20,a) 0-1,c) Moderate or Fresh Breeze
129,DEN 2022-05-10,2022-05-10,12.7,2.2,27.2,0.0,0.0,68.0,17.6,,1011.4,,DEN,c) 10-20,a) 0-1,b) Light or Gentle Breeze
130,DEN 2022-05-11,2022-05-11,18.9,6.7,32.2,0.0,0.0,214.0,24.1,,1005.2,,DEN,c) 10-20,a) 0-1,c) Moderate or Fresh Breeze
131,DEN 2022-05-12,2022-05-12,18.2,5.6,22.2,0.0,0.0,323.0,23.0,,1005.0,,DEN,c) 10-20,a) 0-1,c) Moderate or Fresh Breeze
132,DFW 2022-04-10,2022-04-10,22.8,16.7,30.0,0.0,0.0,176.0,38.2,,1005.0,,DFW,d) 20-30,a) 0-1,d) Strong Breeze or worse
133,DFW 2022-04-11,2022-04-11,24.8,21.7,31.7,0.0,0.0,185.0,29.2,,1004.9,,DFW,d) 20-30,a) 0-1,c) Moderate or Fresh Breeze
134,DFW 2022-04-12,2022-04-12,24.8,18.9,28.9,6.4,0.0,172.0,29.2,,1004.0,,DFW,d) 20-30,b) 1-10,c) Moderate or Fresh Breeze
135,DFW 2022-04-13,2022-04-13,23.1,13.3,27.8,0.3,0.0,272.0,32.0,,1005.2,,DFW,d) 20-30,a) 0-1,c) Moderate or Fresh Breeze
136,DFW 2022-04-14,2022-04-14,17.1,10.0,25.0,0.0,0.0,108.0,14.8,,1016.5,,DFW,c) 10-20,a) 0-1,b) Light or Gentle Breeze
137,DFW 2022-04-15,2022-04-15,20.1,13.3,28.9,0.0,0.0,163.0,24.5,,1010.5,,DFW,d) 20-30,a) 0-1,c) Moderate or Fresh Breeze
138,DFW 2022-04-16,2022-04-16,24.0,13.9,27.2,0.0,0.0,194.0,21.6,,1010.9,,DFW,d) 20-30,a) 0-1,c) Moderate or Fresh Breeze
139,DFW 2022-04-17,2022-04-17,17.1,13.9,26.1,0.0,0.0,337.0,14.8,,1013.0,,DFW,c) 10-20,a) 0-1,b) Light or Gentle Breeze
140,DFW 2022-04-18,2022-04-18,17.3,10.6,23.9,0.0,0.0,45.0,18.7,,1021.7,,DFW,c) 10-20,a) 0-1,b) Light or Gentle Breeze
141,DFW 2022-04-19,2022-04-19,17.7,12.2,23.9,0.0,0.0,130.0,25.2,,1019.1,,DFW,c) 10-20,a) 0-1,c) Moderate or Fresh Breeze
142,DFW 2022-04-20,2022-04-20,23.3,18.3,32.8,0.0,0.0,179.0,37.1,,1008.8,,DFW,d) 20-30,a) 0-1,c) Moderate or Fresh Breeze
143,DFW 2022-04-21,2022-04-21,25.7,22.8,30.0,0.0,0.0,167.0,29.9,,1015.1,,DFW,d) 20-30,a) 0-1,c) Moderate or Fresh Breeze
144,DFW 2022-04-22,2022-04-22,25.1,21.7,30.0,0.0,0.0,161.0,32.0,,1016.5,,DFW,d) 20-30,a) 0-1,c) Moderate or Fresh Breeze
145,DFW 2022-04-23,2022-04-23,24.5,21.1,28.9,0.0,0.0,170.0,36.4,,1009.7,,DFW,d) 20-30,a) 0-1,c) Moderate or Fresh Breeze
146,DFW 2022-04-24,2022-04-24,24.3,15.0,27.8,10.4,0.0,175.0,25.9,,1009.5,,DFW,d) 20-30,c) 10-20,c) Moderate or Fresh Breeze
147,DFW 2022-04-25,2022-04-25,16.9,13.3,20.0,13.7,0.0,13.0,20.9,,1019.4,,DFW,c) 10-20,c) 10-20,c) Moderate or Fresh Breeze
148,DFW 2022-04-26,2022-04-26,16.5,10.0,23.9,0.0,0.0,53.0,11.5,,1025.6,,DFW,c) 10-20,a) 0-1,b) Light or Gentle Breeze
149,DFW 2022-04-27,2022-04-27,18.2,11.1,25.6,0.0,0.0,144.0,16.2,,1020.0,,DFW,c) 10-20,a) 0-1,b) Light or Gentle Breeze
150,DFW 2022-04-28,2022-04-28,21.9,17.2,27.8,0.0,0.0,160.0,24.1,,1012.4,,DFW,d) 20-30,a) 0-1,c) Moderate or Fresh Breeze
151,DFW 2022-04-29,2022-04-29,24.3,21.1,28.3,0.0,0.0,175.0,31.7,,1006.1,,DFW,d) 20-30,a) 0-1,c) Moderate or Fresh Breeze
152,DFW 2022-04-30,2022-04-30,25.3,17.2,29.4,0.0,0.0,302.0,20.2,,1008.6,,DFW,d) 20-30,a) 0-1,c) Moderate or Fresh Breeze
153,DFW 2022-05-01,2022-05-01,22.2,14.4,29.4,0.0,0.0,92.0,14.4,,1013.4,,DFW,d) 20-30,a) 0-1,b) Light or Gentle Breeze
154,DFW 2022-05-02,2022-05-02,24.8,18.3,30.6,17.8,0.0,162.0,28.4,,1007.7,,DFW,d) 20-30,c) 10-20,c) Moderate or Fresh Breeze
155,DFW 2022-05-03,2022-05-03,18.9,12.2,23.9,15.5,0.0,7.0,15.8,,1012.4,,DFW,c) 10-20,c) 10-20,b) Light or Gentle Breeze
156,DFW 2022-05-04,2022-05-04,20.6,15.6,31.1,5.1,0.0,131.0,18.0,,1011.0,,DFW,d) 20-30,b) 1-10,b) Light or Gentle Breeze
157,DFW 2022-05-05,2022-05-05,24.4,16.1,26.7,3.0,0.0,185.0,17.6,,1008.5,,DFW,d) 20-30,b) 1-10,b) Light or Gentle Breeze
158,DFW 2022-05-06,2022-05-06,21.3,13.3,30.0,0.0,0.0,70.0,9.4,,1010.2,,DFW,d) 20-30,a) 0-1,b) Light or Gentle Breeze
159,DFW 2022-05-07,2022-05-07,24.8,20.0,32.2,0.0,0.0,123.0,19.8,,1006.1,,DFW,d) 20-30,a) 0-1,c) Moderate or Fresh Breeze
160,DFW 2022-05-08,2022-05-08,28.4,23.9,34.4,0.0,0.0,168.0,31.3,,1002.0,,DFW,d) 20-30,a) 0-1,c) Moderate or Fresh Breeze
161,DFW 2022-05-09,2022-05-09,29.0,24.4,33.9,0.0,0.0,172.0,33.8,,1005.5,,DFW,d) 20-30,a) 0-1,c) Moderate or Fresh Breeze
162,DFW 2022-05-10,2022-05-10,28.8,25.6,33.3,0.0,0.0,170.0,26.6,,1013.4,,DFW,d) 20-30,a) 0-1,c) Moderate or Fresh Breeze
163,DFW 2022-05-11,2022-05-11,27.8,22.2,32.2,0.0,0.0,170.0,22.3,,1016.5,,DFW,d) 20-30,a) 0-1,c) Moderate or Fresh Breeze
164,DFW 2022-05-12,2022-05-12,27.4,21.7,33.3,0.0,0.0,164.0,22.7,,1013.2,,DFW,d) 20-30,a) 0-1,c) Moderate or Fresh Breeze
165,DTW 2022-04-10,2022-04-10,6.9,0.0,14.4,0.0,0.0,262.0,13.8,33.0,1014.9,,DTW,b) 0-10,a) 0-1,b) Light or Gentle Breeze
166,DTW 2022-04-11,2022-04-11,13.1,6.7,22.8,2.4,0.0,177.0,17.9,54.0,1009.8,,DTW,c) 10-20,b) 1-10,b) Light or Gentle Breeze
167,DTW 2022-04-12,2022-04-12,12.9,3.9,20.0,0.0,0.0,97.0,11.2,35.0,1016.5,,DTW,c) 10-20,a) 0-1,b) Light or Gentle Breeze
168,DTW 2022-04-13,2022-04-13,17.9,13.3,23.3,5.9,0.0,166.0,19.7,65.0,1005.6,,DTW,c) 10-20,b) 1-10,c) Moderate or Fresh Breeze
169,DTW 2022-04-14,2022-04-14,12.5,7.2,18.3,2.3,0.0,238.0,34.8,102.0,1007.2,,DTW,c) 10-20,b) 1-10,c) Moderate or Fresh Breeze
170,DTW 2022-04-15,2022-04-15,8.9,6.7,11.7,4.9,0.0,246.0,25.2,72.0,1012.6,,DTW,b) 0-10,b) 1-10,c) Moderate or Fresh Breeze
171,DTW 2022-04-16,2022-04-16,6.3,2.8,10.0,0.8,0.0,293.0,18.8,,1016.0,,DTW,b) 0-10,a) 0-1,b) Light or Gentle Breeze
172,DTW 2022-04-17,2022-04-17,2.7,-2.8,8.3,0.0,0.0,18.0,12.7,37.0,1025.9,,DTW,b) 0-10,a) 0-1,b) Light or Gentle Breeze
173,DTW 2022-04-18,2022-04-18,2.6,0.0,5.6,12.8,0.0,5.0,12.7,35.0,1017.5,,DTW,b) 0-10,c) 10-20,b) Light or Gentle Breeze
174,DTW 2022-04-19,2022-04-19,4.7,2.2,8.3,0.7,0.0,297.0,25.7,59.0,1016.6,,DTW,b) 0-10,a) 0-1,c) Moderate or Fresh Breeze
175,DTW 2022-04-20,2022-04-20,5.6,-1.7,11.7,0.2,0.0,153.0,12.2,41.0,1025.4,,DTW,b) 0-10,a) 0-1,b) Light or Gentle Breeze
176,DTW 2022-04-21,2022-04-21,14.7,9.4,20.6,2.9,0.0,237.0,25.4,61.0,1018.9,,DTW,c) 10-20,b) 1-10,c) Moderate or Fresh Breeze
177,DTW 2022-04-22,2022-04-22,9.6,3.9,13.3,8.2,0.0,71.0,12.4,35.0,1030.9,,DTW,b) 0-10,b) 1-10,b) Light or Gentle Breeze
178,DTW 2022-04-23,2022-04-23,16.1,7.2,27.8,22.6,0.0,119.0,12.3,,1019.6,,DTW,c) 10-20,d) 20-30,b) Light or Gentle Breeze
179,DTW 2022-04-24,2022-04-24,22.1,12.8,30.0,5.8,0.0,204.0,22.2,67.0,1012.6,,DTW,d) 20-30,b) 1-10,c) Moderate or Fresh Breeze
180,DTW 2022-04-25,2022-04-25,16.3,11.7,19.4,2.5,0.0,259.0,13.7,46.0,1014.1,,DTW,c) 10-20,b) 1-10,b) Light or Gentle Breeze
181,DTW 2022-04-26,2022-04-26,7.2,3.9,10.0,0.0,0.0,272.0,21.2,55.0,1021.4,,DTW,b) 0-10,a) 0-1,c) Moderate or Fresh Breeze
182,DTW 2022-04-27,2022-04-27,3.9,1.1,7.2,0.0,0.0,324.0,19.2,42.0,1024.9,,DTW,b) 0-10,a) 0-1,c) Moderate or Fresh Breeze
183,DTW 2022-04-28,2022-04-28,5.6,-1.7,12.8,0.0,0.0,75.0,7.2,,1027.2,,DTW,b) 0-10,a) 0-1,b) Light or Gentle Breeze
184,DTW 2022-04-29,2022-04-29,8.5,-0.6,16.7,0.0,0.0,87.0,13.0,33.0,1024.2,,DTW,b) 0-10,a) 0-1,b) Light or Gentle Breeze
185,DTW 2022-04-30,2022-04-30,11.4,4.4,17.2,0.0,0.0,84.0,17.1,48.0,1018.7,,DTW,c) 10-20,a) 0-1,b) Light or Gentle Breeze
186,DTW 2022-05-01,2022-05-01,14.4,9.4,20.0,15.4,0.0,169.0,17.8,58.0,1009.6,,DTW,c) 10-20,c) 10-20,b) Light or Gentle Breeze
187,DTW 2022-05-02,2022-05-02,12.4,11.1,13.9,0.0,0.0,257.0,16.1,42.0,1015.8,,DTW,c) 10-20,a) 0-1,b) Light or Gentle Breeze
188,DTW 2022-05-03,2022-05-03,11.5,9.4,12.8,8.0,0.0,58.0,13.4,45.0,1012.6,,DTW,c) 10-20,b) 1-10,b) Light or Gentle Breeze
189,DTW 2022-05-04,2022-05-04,12.8,9.4,17.2,2.4,0.0,358.0,18.2,42.0,1018.5,,DTW,c) 10-20,b) 1-10,b) Light or Gentle Breeze
190,DTW 2022-05-05,2022-05-05,11.1,3.9,16.7,3.4,0.0,74.0,6.6,,1020.1,,DTW,c) 10-20,b) 1-10,b) Light or Gentle Breeze
191,DTW 2022-05-06,2022-05-06,13.1,10.6,16.7,3.8,0.0,50.0,20.3,45.0,1009.4,,DTW,c) 10-20,b) 1-10,c) Moderate or Fresh Breeze
192,DTW 2022-05-07,2022-05-07,15.1,9.4,20.0,0.0,0.0,51.0,20.3,48.0,1012.8,,DTW,c) 10-20,a) 0-1,c) Moderate or Fresh Breeze
193,DTW 2022-05-08,2022-05-08,12.8,4.4,19.4,0.0,0.0,92.0,11.4,,1018.6,,DTW,c) 10-20,a) 0-1,b) Light or Gentle Breeze
194,DTW 2022-05-09,2022-05-09,16.8,8.3,23.3,0.0,0.0,115.0,18.4,48.0,1020.1,,DTW,c) 10-20,a) 0-1,b) Light or Gentle Breeze
195,DTW 2022-05-10,2022-05-10,21.1,11.1,30.0,0.0,0.0,126.0,14.0,39.0,1021.4,,DTW,d) 20-30,a) 0-1,b) Light or Gentle Breeze
196,DTW 2022-05-11,2022-05-11,22.4,15.6,28.9,0.0,0.0,114.0,9.0,,1022.6,,DTW,d) 20-30,a) 0-1,b) Light or Gentle Breeze
197,DTW 2022-05-12,2022-05-12,22.1,12.8,32.2,0.0,0.0,83.0,8.0,,1021.5,,DTW,d) 20-30,a) 0-1,b) Light or Gentle Breeze
198,EWR 2022-04-10,2022-04-10,8.2,6.2,9.5,0.2,0.0,321.0,21.4,,1009.5,,EWR,b) 0-10,a) 0-1,c) Moderate or Fresh Breeze
199,EWR 2022-04-11,2022-04-11,10.0,3.7,16.1,0.4,0.0,301.0,10.5,,1018.6,,EWR,b) 0-10,a) 0-1,b) Light or Gentle Breeze
200,EWR 2022-04-12,2022-04-12,15.1,9.7,22.8,0.9,0.0,326.0,7.5,,1016.6,,EWR,c) 10-20,a) 0-1,b) Light or Gentle Breeze
201,EWR 2022-04-13,2022-04-13,15.5,11.7,19.7,0.0,0.0,67.0,6.1,,1015.3,,EWR,c) 10-20,a) 0-1,b) Light or Gentle Breeze
202,EWR 2022-04-14,2022-04-14,20.8,15.0,30.0,1.9,0.0,295.0,14.7,,1008.8,,EWR,d) 20-30,b) 1-10,b) Light or Gentle Breeze
203,EWR 2022-04-15,2022-04-15,15.8,9.7,20.8,0.0,0.0,288.0,13.8,,1018.5,,EWR,c) 10-20,a) 0-1,b) Light or Gentle Breeze
204,EWR 2022-04-16,2022-04-16,15.7,8.0,23.2,2.7,0.0,261.0,11.6,,1013.7,,EWR,c) 10-20,b) 1-10,b) Light or Gentle Breeze
205,EWR 2022-04-17,2022-04-17,7.8,4.8,10.5,0.6,0.0,338.0,17.2,,1020.6,,EWR,b) 0-10,a) 0-1,b) Light or Gentle Breeze
206,EWR 2022-04-18,2022-04-18,6.8,2.3,10.1,6.8,0.0,94.0,15.1,,1024.3,,EWR,b) 0-10,b) 1-10,b) Light or Gentle Breeze
207,EWR 2022-04-19,2022-04-19,7.1,4.1,10.2,21.6,0.0,310.0,27.8,,1007.9,,EWR,b) 0-10,d) 20-30,c) Moderate or Fresh Breeze
208,EWR 2022-04-20,2022-04-20,10.0,5.1,15.7,0.0,0.0,307.0,14.8,,1026.3,,EWR,b) 0-10,a) 0-1,b) Light or Gentle Breeze
209,EWR 2022-04-21,2022-04-21,12.0,6.1,17.5,0.4,0.0,200.0,7.8,,1030.3,,EWR,c) 10-20,a) 0-1,b) Light or Gentle Breeze
210,EWR 2022-04-22,2022-04-22,15.6,10.5,21.1,0.0,0.0,326.0,13.8,,1027.8,,EWR,c) 10-20,a) 0-1,b) Light or Gentle Breeze
211,EWR 2022-04-23,2022-04-23,13.2,11.1,16.2,0.0,0.0,100.0,7.5,,1027.8,,EWR,c) 10-20,a) 0-1,b) Light or Gentle Breeze
212,EWR 2022-04-24,2022-04-24,11.7,8.6,16.4,0.0,0.0,135.0,13.2,,1024.3,,EWR,c) 10-20,a) 0-1,b) Light or Gentle Breeze
213,EWR 2022-04-25,2022-04-25,10.4,8.5,13.0,0.0,0.0,132.0,10.8,,1024.0,,EWR,c) 10-20,a) 0-1,b) Light or Gentle Breeze
214,EWR 2022-04-26,2022-04-26,14.0,10.5,18.3,6.8,0.0,87.0,8.3,,1017.7,,EWR,c) 10-20,b) 1-10,b) Light or Gentle Breeze
215,EWR 2022-04-27,2022-04-27,10.5,6.6,14.6,1.1,0.0,314.0,25.7,,1015.0,,EWR,c) 10-20,b) 1-10,c) Moderate or Fresh Breeze
216,EWR 2022-04-28,2022-04-28,8.6,4.3,14.1,0.0,0.0,332.0,27.1,,1017.0,,EWR,b) 0-10,a) 0-1,c) Moderate or Fresh Breeze
217,EWR 2022-04-29,2022-04-29,10.9,3.6,17.5,0.0,0.0,327.0,19.6,,1018.9,,EWR,c) 10-20,a) 0-1,c) Moderate or Fresh Breeze
218,EWR 2022-04-30,2022-04-30,13.0,6.1,20.0,0.0,0.0,341.0,12.2,,1019.6,,EWR,c) 10-20,a) 0-1,b) Light or Gentle Breeze
219,EWR 2022-05-01,2022-05-01,13.1,6.0,19.0,0.6,0.0,103.0,7.7,,1019.6,,EWR,c) 10-20,a) 0-1,b) Light or Gentle Breeze
220,EWR 2022-05-02,2022-05-02,13.0,11.2,14.4,6.2,0.0,91.0,9.7,,1017.5,,EWR,c) 10-20,b) 1-10,b) Light or Gentle Breeze
221,EWR 2022-05-03,2022-05-03,13.3,10.3,18.0,0.0,0.0,89.0,12.4,,1020.8,,EWR,c) 10-20,a) 0-1,b) Light or Gentle Breeze
222,EWR 2022-05-04,2022-05-04,13.0,9.5,17.8,6.1,0.0,346.0,7.0,,1015.8,,EWR,c) 10-20,b) 1-10,b) Light or Gentle Breeze
223,EWR 2022-05-05,2022-05-05,18.0,14.7,22.6,0.0,0.0,41.0,8.7,,1017.6,,EWR,c) 10-20,a) 0-1,b) Light or Gentle Breeze
224,EWR 2022-05-06,2022-05-06,12.9,9.5,15.2,18.9,0.0,97.0,6.9,,1013.7,,EWR,c) 10-20,c) 10-20,b) Light or Gentle Breeze
225,EWR 2022-05-07,2022-05-07,9.7,8.5,10.8,26.7,0.0,84.0,23.6,,1011.0,,EWR,b) 0-10,d) 20-30,c) Moderate or Fresh Breeze
226,EWR 2022-05-08,2022-05-08,11.4,7.5,15.5,2.6,0.0,83.0,21.7,,1018.8,,EWR,c) 10-20,b) 1-10,c) Moderate or Fresh Breeze
227,EWR 2022-05-09,2022-05-09,15.0,8.3,21.5,0.0,0.0,72.0,18.8,,1023.2,,EWR,c) 10-20,a) 0-1,b) Light or Gentle Breeze
228,EWR 2022-05-10,2022-05-10,15.9,10.5,23.0,0.0,0.0,81.0,15.1,,1026.7,,EWR,c) 10-20,a) 0-1,b) Light or Gentle Breeze
229,EWR 2022-05-11,2022-05-11,16.7,12.6,23.8,0.0,0.0,76.0,13.6,,1024.9,,EWR,c) 10-20,a) 0-1,b) Light or Gentle Breeze
230,EWR 2022-05-12,2022-05-12,16.5,12.7,21.5,0.0,0.0,122.0,8.4,,1025.5,,EWR,c) 10-20,a) 0-1,b) Light or Gentle Breeze
231,IAD 2022-04-10,2022-04-10,7.9,0.6,12.8,0.0,0.0,308.0,17.6,,1013.5,,IAD,b) 0-10,a) 0-1,b) Light or Gentle Breeze
232,IAD 2022-04-11,2022-04-11,8.2,-1.0,20.0,0.0,0.0,114.0,8.6,,1018.9,,IAD,b) 0-10,a) 0-1,b) Light or Gentle Breeze
233,IAD 2022-04-12,2022-04-12,17.3,10.6,26.1,0.0,0.0,23.0,6.5,,1016.7,,IAD,c) 10-20,a) 0-1,b) Light or Gentle Breeze
234,IAD 2022-04-13,2022-04-13,20.1,10.6,30.0,0.0,0.0,227.0,13.0,,1013.7,,IAD,d) 20-30,a) 0-1,b) Light or Gentle Breeze
235,IAD 2022-04-14,2022-04-14,23.2,10.6,27.2,0.0,0.0,240.0,22.7,,1010.1,,IAD,d) 20-30,a) 0-1,c) Moderate or Fresh Breeze
236,IAD 2022-04-15,2022-04-15,14.4,2.8,22.2,0.0,0.0,207.0,13.0,,1019.7,,IAD,c) 10-20,a) 0-1,b) Light or Gentle Breeze
237,IAD 2022-04-16,2022-04-16,18.9,13.3,26.1,0.0,0.0,215.0,19.4,,1012.9,,IAD,c) 10-20,a) 0-1,c) Moderate or Fresh Breeze
238,IAD 2022-04-17,2022-04-17,12.8,6.1,13.3,0.3,0.0,0.0,20.5,,1020.6,,IAD,c) 10-20,a) 0-1,c) Moderate or Fresh Breeze
239,IAD 2022-04-18,2022-04-18,5.9,2.2,6.7,13.7,0.0,40.0,12.6,,1021.3,,IAD,b) 0-10,c) 10-20,b) Light or Gentle Breeze
240,IAD 2022-04-19,2022-04-19,6.3,3.3,11.1,0.0,0.0,287.0,20.5,,1014.6,,IAD,b) 0-10,a) 0-1,c) Moderate or Fresh Breeze
241,IAD 2022-04-20,2022-04-20,9.0,0.0,16.7,0.0,0.0,282.0,9.0,,1028.7,,IAD,b) 0-10,a) 0-1,b) Light or Gentle Breeze
242,IAD 2022-04-21,2022-04-21,13.1,7.2,19.4,0.0,0.0,183.0,13.3,,1029.0,,IAD,c) 10-20,a) 0-1,b) Light or Gentle Breeze
243,IAD 2022-04-22,2022-04-22,16.3,6.7,23.9,0.0,0.0,5.0,7.6,,1028.8,,IAD,c) 10-20,a) 0-1,b) Light or Gentle Breeze
244,IAD 2022-04-23,2022-04-23,17.2,6.1,26.1,0.0,0.0,109.0,8.6,,1025.1,,IAD,c) 10-20,a) 0-1,b) Light or Gentle Breeze
245,IAD 2022-04-24,2022-04-24,19.4,10.6,28.9,0.0,0.0,76.0,10.4,,1019.9,,IAD,c) 10-20,a) 0-1,b) Light or Gentle Breeze
246,IAD 2022-04-25,2022-04-25,16.4,11.7,22.2,0.0,0.0,82.0,10.4,,1019.8,,IAD,c) 10-20,a) 0-1,b) Light or Gentle Breeze
247,IAD 2022-04-26,2022-04-26,16.3,11.7,20.0,0.8,0.0,356.0,11.2,,1017.5,,IAD,c) 10-20,a) 0-1,b) Light or Gentle Breeze
248,IAD 2022-04-27,2022-04-27,12.3,6.1,16.7,0.0,0.0,319.0,24.1,,1018.6,,IAD,c) 10-20,a) 0-1,c) Moderate or Fresh Breeze
249,IAD 2022-04-28,2022-04-28,8.4,2.8,15.6,0.0,0.0,334.0,21.6,,1021.8,,IAD,b) 0-10,a) 0-1,c) Moderate or Fresh Breeze
250,IAD 2022-04-29,2022-04-29,11.1,1.1,18.9,0.0,0.0,322.0,9.4,,1022.1,,IAD,c) 10-20,a) 0-1,b) Light or Gentle Breeze
251,IAD 2022-04-30,2022-04-30,11.2,2.2,21.1,0.0,0.0,2.0,4.7,,1020.9,,IAD,c) 10-20,a) 0-1,a) Calm or Light Air
252,IAD 2022-05-01,2022-05-01,13.3,8.9,17.8,6.1,0.0,126.0,7.9,,1018.0,,IAD,c) 10-20,b) 1-10,b) Light or Gentle Breeze
253,IAD 2022-05-02,2022-05-02,17.3,10.0,27.2,0.0,0.0,348.0,7.6,,1015.6,,IAD,c) 10-20,a) 0-1,b) Light or Gentle Breeze
254,IAD 2022-05-03,2022-05-03,16.8,12.2,21.7,15.5,0.0,106.0,10.4,,1017.5,,IAD,c) 10-20,c) 10-20,b) Light or Gentle Breeze
255,IAD 2022-05-04,2022-05-04,17.8,14.4,26.1,16.0,0.0,237.0,9.4,,1014.6,,IAD,c) 10-20,c) 10-20,b) Light or Gentle Breeze
256,IAD 2022-05-05,2022-05-05,17.7,14.4,19.4,0.0,0.0,23.0,9.0,,1018.3,,IAD,c) 10-20,a) 0-1,b) Light or Gentle Breeze
257,IAD 2022-05-06,2022-05-06,15.4,11.1,16.7,30.0,0.0,130.0,13.7,,1009.2,,IAD,c) 10-20,d) 20-30,b) Light or Gentle Breeze
258,IAD 2022-05-07,2022-05-07,11.4,7.8,12.2,21.3,0.0,22.0,19.8,,1005.9,,IAD,c) 10-20,d) 20-30,c) Moderate or Fresh Breeze
259,IAD 2022-05-08,2022-05-08,9.3,3.9,13.9,0.0,0.0,23.0,16.2,,1017.9,,IAD,b) 0-10,a) 0-1,b) Light or Gentle Breeze
260,IAD 2022-05-09,2022-05-09,11.8,2.8,21.7,0.0,0.0,5.0,10.4,,1022.7,,IAD,c) 10-20,a) 0-1,b) Light or Gentle Breeze
261,IAD 2022-05-10,2022-05-10,15.5,6.7,23.9,0.0,0.0,22.0,13.3,,1025.7,,IAD,c) 10-20,a) 0-1,b) Light or Gentle Breeze
262,IAD 2022-05-11,2022-05-11,16.3,7.2,24.4,0.0,0.0,13.0,10.4,,1024.2,,IAD,c) 10-20,a) 0-1,b) Light or Gentle Breeze
263,IAD 2022-05-12,2022-05-12,17.4,11.7,23.9,0.0,0.0,51.0,11.2,,1023.6,,IAD,c) 10-20,a) 0-1,b) Light or Gentle Breeze
264,JFK 2022-04-10,2022-04-10,9.1,6.1,11.1,0.0,0.0,310.0,32.4,,1008.3,,JFK,b) 0-10,a) 0-1,c) Moderate or Fresh Breeze
265,JFK 2022-04-11,2022-04-11,8.1,3.9,13.3,0.0,0.0,242.0,22.0,,1018.6,,JFK,b) 0-10,a) 0-1,c) Moderate or Fresh Breeze
266,JFK 2022-04-12,2022-04-12,12.3,8.3,22.2,0.5,0.0,225.0,14.0,,1016.5,,JFK,c) 10-20,a) 0-1,b) Light or Gentle Breeze
267,JFK 2022-04-13,2022-04-13,12.8,7.8,18.3,0.0,0.0,114.0,12.6,,1016.1,,JFK,c) 10-20,a) 0-1,b) Light or Gentle Breeze
268,JFK 2022-04-14,2022-04-14,15.5,11.7,21.1,2.0,0.0,190.0,18.0,,1008.6,,JFK,c) 10-20,b) 1-10,b) Light or Gentle Breeze
269,JFK 2022-04-15,2022-04-15,15.0,7.8,19.4,0.3,0.0,237.0,24.1,,1018.7,,JFK,c) 10-20,a) 0-1,c) Moderate or Fresh Breeze
270,JFK 2022-04-16,2022-04-16,12.3,7.2,16.7,2.3,0.0,189.0,24.1,,1014.0,,JFK,c) 10-20,b) 1-10,c) Moderate or Fresh Breeze
271,JFK 2022-04-17,2022-04-17,8.5,4.4,11.1,0.0,0.0,320.0,25.6,,1019.6,,JFK,b) 0-10,a) 0-1,c) Moderate or Fresh Breeze
272,JFK 2022-04-18,2022-04-18,6.9,2.8,11.1,24.4,0.0,61.0,24.1,,1024.9,,JFK,b) 0-10,d) 20-30,c) Moderate or Fresh Breeze
273,JFK 2022-04-19,2022-04-19,7.9,4.4,11.1,15.0,0.0,285.0,34.9,,1006.7,,JFK,b) 0-10,c) 10-20,c) Moderate or Fresh Breeze
274,JFK 2022-04-20,2022-04-20,8.9,5.0,15.6,0.0,0.0,255.0,22.3,,1025.7,,JFK,b) 0-10,a) 0-1,c) Moderate or Fresh Breeze
275,JFK 2022-04-21,2022-04-21,8.8,4.4,13.3,0.0,0.0,154.0,19.8,,1031.1,,JFK,b) 0-10,a) 0-1,c) Moderate or Fresh Breeze
276,JFK 2022-04-22,2022-04-22,14.0,7.2,21.1,0.0,0.0,292.0,20.9,,1027.6,,JFK,c) 10-20,a) 0-1,c) Moderate or Fresh Breeze
277,JFK 2022-04-23,2022-04-23,12.9,8.9,15.0,0.0,0.0,99.0,13.0,,1028.0,,JFK,c) 10-20,a) 0-1,b) Light or Gentle Breeze
278,JFK 2022-04-24,2022-04-24,11.3,7.2,15.6,0.0,0.0,91.0,18.7,,1024.5,,JFK,c) 10-20,a) 0-1,b) Light or Gentle Breeze
279,JFK 2022-04-25,2022-04-25,9.6,6.7,12.8,0.0,0.0,90.0,16.2,,1024.2,,JFK,b) 0-10,a) 0-1,b) Light or Gentle Breeze
280,JFK 2022-04-26,2022-04-26,12.1,10.6,15.6,1.5,0.0,68.0,11.9,,1018.0,,JFK,c) 10-20,b) 1-10,b) Light or Gentle Breeze
281,JFK 2022-04-27,2022-04-27,11.8,5.0,14.4,0.0,0.0,297.0,34.9,,1013.9,,JFK,c) 10-20,a) 0-1,c) Moderate or Fresh Breeze
282,JFK 2022-04-28,2022-04-28,8.6,4.4,14.4,0.0,0.0,318.0,35.3,,1015.8,,JFK,b) 0-10,a) 0-1,c) Moderate or Fresh Breeze
283,JFK 2022-04-29,2022-04-29,10.6,5.6,17.2,0.0,0.0,317.0,29.2,,1018.1,,JFK,c) 10-20,a) 0-1,c) Moderate or Fresh Breeze
284,JFK 2022-04-30,2022-04-30,12.2,6.7,18.9,0.0,0.0,307.0,18.4,,1019.6,,JFK,c) 10-20,a) 0-1,b) Light or Gentle Breeze
285,JFK 2022-05-01,2022-05-01,11.4,5.6,17.2,0.0,0.0,155.0,13.7,,1019.8,,JFK,c) 10-20,a) 0-1,b) Light or Gentle Breeze
286,JFK 2022-05-02,2022-05-02,12.0,10.0,12.8,13.0,0.0,73.0,15.5,,1017.6,,JFK,c) 10-20,c) 10-20,b) Light or Gentle Breeze
287,JFK 2022-05-03,2022-05-03,12.3,9.4,16.7,0.0,0.0,55.0,17.6,,1020.7,,JFK,c) 10-20,a) 0-1,b) Light or Gentle Breeze
288,JFK 2022-05-04,2022-05-04,11.9,9.4,18.9,1.0,0.0,70.0,10.4,,1015.8,,JFK,c) 10-20,a) 0-1,b) Light or Gentle Breeze
289,JFK 2022-05-05,2022-05-05,15.8,12.2,21.1,0.0,0.0,345.0,16.9,,1017.6,,JFK,c) 10-20,a) 0-1,b) Light or Gentle Breeze
290,JFK 2022-05-06,2022-05-06,12.7,8.9,14.4,21.6,0.0,96.0,11.2,,1014.0,,JFK,c) 10-20,d) 20-30,b) Light or Gentle Breeze
291,JFK 2022-05-07,2022-05-07,9.3,6.7,10.6,24.4,0.0,50.0,29.9,,1010.7,,JFK,b) 0-10,d) 20-30,c) Moderate or Fresh Breeze
292,JFK 2022-05-08,2022-05-08,10.1,6.7,14.4,0.0,0.0,39.0,30.6,,1018.7,,JFK,c) 10-20,a) 0-1,c) Moderate or Fresh Breeze
293,JFK 2022-05-09,2022-05-09,13.2,7.2,21.1,0.0,0.0,29.0,31.7,,1023.1,,JFK,c) 10-20,a) 0-1,c) Moderate or Fresh Breeze
294,JFK 2022-05-10,2022-05-10,15.5,10.0,22.8,0.0,0.0,39.0,26.3,,1026.5,,JFK,c) 10-20,a) 0-1,c) Moderate or Fresh Breeze
295,JFK 2022-05-11,2022-05-11,15.8,11.7,23.3,0.0,0.0,50.0,20.2,,1024.8,,JFK,c) 10-20,a) 0-1,c) Moderate or Fresh Breeze
296,JFK 2022-05-12,2022-05-12,15.9,11.7,21.7,0.0,0.0,90.0,11.5,,1025.7,,JFK,c) 10-20,a) 0-1,b) Light or Gentle Breeze
297,LAX 2022-04-10,2022-04-10,17.7,15.6,20.6,0.0,,211.0,13.0,,1010.9,,LAX,c) 10-20,a) 0-1,b) Light or Gentle Breeze
298,LAX 2022-04-11,2022-04-11,17.1,12.8,20.0,0.0,,269.0,19.8,,1011.4,,LAX,c) 10-20,a) 0-1,c) Moderate or Fresh Breeze
299,LAX 2022-04-12,2022-04-12,15.1,11.7,19.4,0.0,,321.0,29.2,,1015.3,,LAX,c) 10-20,a) 0-1,c) Moderate or Fresh Breeze
300,LAX 2022-04-13,2022-04-13,15.8,12.8,19.4,0.0,,294.0,19.1,,1018.6,,LAX,c) 10-20,a) 0-1,c) Moderate or Fresh Breeze
301,LAX 2022-04-14,2022-04-14,14.9,10.6,18.9,0.0,,259.0,15.8,,1015.8,,LAX,c) 10-20,a) 0-1,b) Light or Gentle Breeze
302,LAX 2022-04-15,2022-04-15,15.2,11.7,19.4,0.0,,219.0,13.3,,1014.8,,LAX,c) 10-20,a) 0-1,b) Light or Gentle Breeze
303,LAX 2022-04-16,2022-04-16,15.7,13.3,19.4,0.0,,257.0,20.5,,1018.6,,LAX,c) 10-20,a) 0-1,c) Moderate or Fresh Breeze
304,LAX 2022-04-17,2022-04-17,15.2,12.8,18.3,0.0,,263.0,14.8,,1019.5,,LAX,c) 10-20,a) 0-1,b) Light or Gentle Breeze
305,LAX 2022-04-18,2022-04-18,16.0,12.8,20.6,0.0,,291.0,11.5,,1016.2,,LAX,c) 10-20,a) 0-1,b) Light or Gentle Breeze
306,LAX 2022-04-19,2022-04-19,16.6,13.9,20.0,0.0,,234.0,13.3,,1013.9,,LAX,c) 10-20,a) 0-1,b) Light or Gentle Breeze
307,LAX 2022-04-20,2022-04-20,15.9,13.3,19.4,0.0,,188.0,15.8,,1015.4,,LAX,c) 10-20,a) 0-1,b) Light or Gentle Breeze
308,LAX 2022-04-21,2022-04-21,15.1,11.7,18.9,5.1,,260.0,16.6,,1016.4,,LAX,c) 10-20,b) 1-10,b) Light or Gentle Breeze
309,LAX 2022-04-22,2022-04-22,15.3,12.8,17.8,0.8,,263.0,27.7,,1015.8,,LAX,c) 10-20,a) 0-1,c) Moderate or Fresh Breeze
310,LAX 2022-04-23,2022-04-23,14.9,11.1,20.6,0.0,,272.0,15.1,,1017.1,,LAX,c) 10-20,a) 0-1,b) Light or Gentle Breeze
311,LAX 2022-04-24,2022-04-24,20.2,13.3,30.0,0.0,,281.0,12.6,,1015.1,,LAX,d) 20-30,a) 0-1,b) Light or Gentle Breeze
312,LAX 2022-04-25,2022-04-25,21.1,14.4,30.0,0.0,,287.0,10.8,,1014.1,,LAX,d) 20-30,a) 0-1,b) Light or Gentle Breeze
313,LAX 2022-04-26,2022-04-26,18.9,13.9,23.9,0.0,,256.0,10.8,,1012.5,,LAX,c) 10-20,a) 0-1,b) Light or Gentle Breeze
314,LAX 2022-04-27,2022-04-27,16.9,13.3,22.2,0.0,,228.0,12.6,,1013.9,,LAX,c) 10-20,a) 0-1,b) Light or Gentle Breeze
315,LAX 2022-04-28,2022-04-28,16.1,13.3,18.3,0.0,,236.0,15.8,,1015.0,,LAX,c) 10-20,a) 0-1,b) Light or Gentle Breeze
316,LAX 2022-04-29,2022-04-29,15.4,11.7,20.0,0.0,,248.0,12.6,,1014.9,,LAX,c) 10-20,a) 0-1,b) Light or Gentle Breeze
317,LAX 2022-04-30,2022-04-30,16.5,13.3,20.6,0.0,,304.0,9.4,,1012.4,,LAX,c) 10-20,a) 0-1,b) Light or Gentle Breeze
318,LAX 2022-05-01,2022-05-01,16.9,13.9,20.6,0.0,,277.0,11.5,,1010.5,,LAX,c) 10-20,a) 0-1,b) Light or Gentle Breeze
319,LAX 2022-05-02,2022-05-02,17.1,14.4,20.0,0.0,,211.0,13.7,,1013.5,,LAX,c) 10-20,a) 0-1,b) Light or Gentle Breeze
320,LAX 2022-05-03,2022-05-03,16.9,15.0,20.6,0.0,,227.0,11.5,,1013.0,,LAX,c) 10-20,a) 0-1,b) Light or Gentle Breeze
321,LAX 2022-05-04,2022-05-04,17.2,13.9,21.1,0.0,,263.0,11.2,,1013.5,,LAX,c) 10-20,a) 0-1,b) Light or Gentle Breeze
322,LAX 2022-05-05,2022-05-05,16.8,13.3,20.0,0.0,,278.0,11.9,,1015.8,,LAX,c) 10-20,a) 0-1,b) Light or Gentle Breeze
323,LAX 2022-05-06,2022-05-06,16.4,13.3,21.1,0.0,,303.0,9.4,,1014.5,,LAX,c) 10-20,a) 0-1,b) Light or Gentle Breeze
324,LAX 2022-05-07,2022-05-07,18.2,15.0,21.7,0.0,,289.0,13.0,,1012.4,,LAX,c) 10-20,a) 0-1,b) Light or Gentle Breeze
325,LAX 2022-05-08,2022-05-08,16.9,13.3,18.9,0.0,,263.0,16.2,,1011.3,,LAX,c) 10-20,a) 0-1,b) Light or Gentle Breeze
326,LAX 2022-05-09,2022-05-09,15.8,12.2,19.4,0.0,,320.0,18.4,,1013.9,,LAX,c) 10-20,a) 0-1,b) Light or Gentle Breeze
327,LAX 2022-05-10,2022-05-10,15.0,11.1,19.4,0.0,,280.0,17.6,,1017.3,,LAX,c) 10-20,a) 0-1,b) Light or Gentle Breeze
328,LAX 2022-05-11,2022-05-11,14.7,10.6,18.3,0.0,,300.0,24.1,,1019.4,,LAX,c) 10-20,a) 0-1,c) Moderate or Fresh Breeze
329,LAX 2022-05-12,2022-05-12,17.1,12.2,23.9,0.0,,270.0,15.1,,1019.5,,LAX,c) 10-20,a) 0-1,b) Light or Gentle Breeze
330,LGA 2022-04-10,2022-04-10,7.9,7.0,9.0,0.0,0.0,300.0,15.7,,1009.6,,LGA,b) 0-10,a) 0-1,b) Light or Gentle Breeze
331,LGA 2022-04-11,2022-04-11,9.8,4.0,16.0,0.1,0.0,249.0,9.9,,1019.0,,LGA,b) 0-10,a) 0-1,b) Light or Gentle Breeze
332,LGA 2022-04-12,2022-04-12,15.6,10.0,22.0,1.9,0.0,273.0,9.6,,1017.1,,LGA,c) 10-20,b) 1-10,b) Light or Gentle Breeze
333,LGA 2022-04-13,2022-04-13,16.9,13.0,21.0,0.0,0.0,108.0,8.7,,1016.1,,LGA,c) 10-20,a) 0-1,b) Light or Gentle Breeze
334,LGA 2022-04-14,2022-04-14,19.3,14.0,26.0,0.3,0.0,351.0,10.4,,1009.4,,LGA,c) 10-20,a) 0-1,b) Light or Gentle Breeze
335,LGA 2022-04-15,2022-04-15,15.5,11.0,21.0,0.0,0.0,246.0,10.2,,1019.3,,LGA,c) 10-20,a) 0-1,b) Light or Gentle Breeze
336,LGA 2022-04-16,2022-04-16,14.6,7.0,22.0,5.2,0.0,212.0,12.1,,1014.1,,LGA,c) 10-20,b) 1-10,b) Light or Gentle Breeze
337,LGA 2022-04-17,2022-04-17,7.5,5.0,10.0,0.4,0.0,310.0,13.2,,1020.9,,LGA,b) 0-10,a) 0-1,b) Light or Gentle Breeze
338,LGA 2022-04-18,2022-04-18,7.4,4.0,12.0,5.4,0.0,65.0,12.5,,1024.7,,LGA,b) 0-10,b) 1-10,b) Light or Gentle Breeze
339,LGA 2022-04-19,2022-04-19,7.0,4.0,9.0,22.2,0.0,274.0,19.4,,1008.0,,LGA,b) 0-10,d) 20-30,c) Moderate or Fresh Breeze
340,LGA 2022-04-20,2022-04-20,10.2,6.0,15.0,0.0,0.0,289.0,11.8,,1026.8,,LGA,c) 10-20,a) 0-1,b) Light or Gentle Breeze
341,LGA 2022-04-21,2022-04-21,11.1,7.0,15.0,2.5,0.0,146.0,10.7,,1031.1,,LGA,c) 10-20,b) 1-10,b) Light or Gentle Breeze
342,LGA 2022-04-22,2022-04-22,16.1,12.0,21.0,0.0,0.0,296.0,10.9,,1028.4,,LGA,c) 10-20,a) 0-1,b) Light or Gentle Breeze
343,LGA 2022-04-23,2022-04-23,13.8,11.0,18.0,0.0,0.0,91.0,8.7,,1028.3,,LGA,c) 10-20,a) 0-1,b) Light or Gentle Breeze
344,LGA 2022-04-24,2022-04-24,12.9,9.0,16.0,0.0,0.0,97.0,11.0,,1024.8,,LGA,c) 10-20,a) 0-1,b) Light or Gentle Breeze
345,LGA 2022-04-25,2022-04-25,11.4,8.0,14.0,0.0,0.0,102.0,9.4,,1024.6,,LGA,c) 10-20,a) 0-1,b) Light or Gentle Breeze
346,LGA 2022-04-26,2022-04-26,12.9,11.0,15.0,2.3,0.0,70.0,7.1,,1018.3,,LGA,c) 10-20,b) 1-10,b) Light or Gentle Breeze
347,LGA 2022-04-27,2022-04-27,10.0,6.0,14.0,0.1,0.0,298.0,17.4,,1015.3,,LGA,b) 0-10,a) 0-1,b) Light or Gentle Breeze
348,LGA 2022-04-28,2022-04-28,8.6,4.0,14.0,0.0,0.0,312.0,17.0,,1017.0,,LGA,b) 0-10,a) 0-1,b) Light or Gentle Breeze
349,LGA 2022-04-29,2022-04-29,10.9,5.0,17.0,0.0,0.0,307.0,13.5,,1019.2,,LGA,c) 10-20,a) 0-1,b) Light or Gentle Breeze
350,LGA 2022-04-30,2022-04-30,12.9,7.0,19.0,0.0,0.0,336.0,8.2,,1020.1,,LGA,c) 10-20,a) 0-1,b) Light or Gentle Breeze
351,LGA 2022-05-01,2022-05-01,14.1,9.0,20.0,0.7,0.0,119.0,8.7,,1020.0,,LGA,c) 10-20,a) 0-1,b) Light or Gentle Breeze
352,LGA 2022-05-02,2022-05-02,12.0,11.0,13.0,4.1,0.0,69.0,8.3,,1018.5,,LGA,c) 10-20,b) 1-10,b) Light or Gentle Breeze
353,LGA 2022-05-03,2022-05-03,13.0,11.0,17.0,0.0,0.0,60.0,10.3,,1021.5,,LGA,c) 10-20,a) 0-1,b) Light or Gentle Breeze
354,LGA 2022-05-04,2022-05-04,13.5,10.0,18.0,3.1,0.0,44.0,7.5,,1016.4,,LGA,c) 10-20,b) 1-10,b) Light or Gentle Breeze
355,LGA 2022-05-05,2022-05-05,17.6,13.0,23.0,0.0,0.0,17.0,8.8,,1018.4,,LGA,c) 10-20,a) 0-1,b) Light or Gentle Breeze
356,LGA 2022-05-06,2022-05-06,13.0,10.0,16.0,22.1,0.0,83.0,6.3,,1014.1,,LGA,c) 10-20,d) 20-30,b) Light or Gentle Breeze
357,LGA 2022-05-07,2022-05-07,8.8,7.8,10.0,19.0,0.0,60.0,17.6,,1011.3,,LGA,b) 0-10,c) 10-20,b) Light or Gentle Breeze
358,LGA 2022-05-08,2022-05-08,10.8,7.2,14.4,3.8,0.0,54.0,18.0,,1019.0,,LGA,c) 10-20,b) 1-10,b) Light or Gentle Breeze
359,LGA 2022-05-09,2022-05-09,14.2,8.0,20.6,0.0,0.0,48.0,18.2,,1023.4,,LGA,c) 10-20,a) 0-1,b) Light or Gentle Breeze
360,LGA 2022-05-10,2022-05-10,16.1,11.0,22.2,0.0,0.0,60.0,16.5,,1026.8,,LGA,c) 10-20,a) 0-1,b) Light or Gentle Breeze
361,LGA 2022-05-11,2022-05-11,17.0,12.0,23.3,0.0,0.0,47.0,10.2,,1025.0,,LGA,c) 10-20,a) 0-1,b) Light or Gentle Breeze
362,LGA 2022-05-12,2022-05-12,18.2,14.4,23.3,0.0,0.0,58.0,8.0,,1025.8,,LGA,c) 10-20,a) 0-1,b) Light or Gentle Breeze
363,MIA 2022-04-10,2022-04-10,19.8,13.9,26.1,0.0,0.0,24.0,13.3,,1020.5,,MIA,c) 10-20,a) 0-1,b) Light or Gentle Breeze
364,MIA 2022-04-11,2022-04-11,22.8,18.9,26.7,0.0,0.0,92.0,20.9,,1021.0,,MIA,d) 20-30,a) 0-1,c) Moderate or Fresh Breeze
365,MIA 2022-04-12,2022-04-12,24.7,22.2,28.3,0.0,0.0,97.0,24.1,,1020.7,,MIA,d) 20-30,a) 0-1,c) Moderate or Fresh Breeze
366,MIA 2022-04-13,2022-04-13,25.4,23.3,28.9,0.0,0.0,109.0,22.0,,1018.4,,MIA,d) 20-30,a) 0-1,c) Moderate or Fresh Breeze
367,MIA 2022-04-14,2022-04-14,26.5,23.9,30.0,0.0,0.0,121.0,16.9,,1016.6,,MIA,d) 20-30,a) 0-1,b) Light or Gentle Breeze
368,MIA 2022-04-15,2022-04-15,25.4,22.2,28.3,63.2,0.0,89.0,14.4,,1016.6,,MIA,d) 20-30,e) 30+,b) Light or Gentle Breeze
369,MIA 2022-04-16,2022-04-16,25.7,23.3,28.9,0.0,0.0,104.0,16.6,,1016.2,,MIA,d) 20-30,a) 0-1,b) Light or Gentle Breeze
370,MIA 2022-04-17,2022-04-17,26.6,23.3,30.0,0.0,0.0,97.0,18.4,,1014.8,,MIA,d) 20-30,a) 0-1,b) Light or Gentle Breeze
371,MIA 2022-04-18,2022-04-18,26.9,23.9,31.1,0.0,0.0,104.0,11.2,,1013.3,,MIA,d) 20-30,a) 0-1,b) Light or Gentle Breeze
372,MIA 2022-04-19,2022-04-19,26.2,22.8,31.1,0.0,0.0,0.0,14.4,,1015.8,,MIA,d) 20-30,a) 0-1,b) Light or Gentle Breeze
373,MIA 2022-04-20,2022-04-20,25.6,22.8,28.3,0.3,0.0,56.0,21.2,,1020.5,,MIA,d) 20-30,a) 0-1,c) Moderate or Fresh Breeze
374,MIA 2022-04-21,2022-04-21,25.0,23.3,28.3,1.3,0.0,57.0,23.4,,1022.3,,MIA,d) 20-30,b) 1-10,c) Moderate or Fresh Breeze
375,MIA 2022-04-22,2022-04-22,25.2,21.7,28.3,4.6,0.0,56.0,24.5,,1021.7,,MIA,d) 20-30,b) 1-10,c) Moderate or Fresh Breeze
376,MIA 2022-04-23,2022-04-23,25.6,23.3,29.4,0.0,0.0,70.0,24.1,,1020.1,,MIA,d) 20-30,a) 0-1,c) Moderate or Fresh Breeze
377,MIA 2022-04-24,2022-04-24,25.8,23.3,28.9,0.0,0.0,85.0,23.8,,1018.9,,MIA,d) 20-30,a) 0-1,c) Moderate or Fresh Breeze
378,MIA 2022-04-25,2022-04-25,26.1,23.3,29.4,0.0,0.0,96.0,21.2,,1018.9,,MIA,d) 20-30,a) 0-1,c) Moderate or Fresh Breeze
379,MIA 2022-04-26,2022-04-26,26.1,23.3,29.4,0.0,0.0,97.0,15.8,,1019.2,,MIA,d) 20-30,a) 0-1,b) Light or Gentle Breeze
380,MIA 2022-04-27,2022-04-27,25.5,22.2,29.4,0.0,0.0,129.0,10.8,,1017.6,,MIA,d) 20-30,a) 0-1,b) Light or Gentle Breeze
381,MIA 2022-04-28,2022-04-28,25.8,22.8,31.1,2.3,0.0,178.0,10.1,,1016.2,,MIA,d) 20-30,b) 1-10,b) Light or Gentle Breeze
382,MIA 2022-04-29,2022-04-29,24.8,22.8,28.9,1.0,0.0,61.0,10.4,,1016.4,,MIA,d) 20-30,a) 0-1,b) Light or Gentle Breeze
383,MIA 2022-04-30,2022-04-30,24.8,21.1,28.9,34.5,0.0,86.0,12.6,,1016.2,,MIA,d) 20-30,e) 30+,b) Light or Gentle Breeze
384,MIA 2022-05-01,2022-05-01,25.2,22.2,29.4,1.5,0.0,77.0,15.1,,1017.3,,MIA,d) 20-30,b) 1-10,b) Light or Gentle Breeze
385,MIA 2022-05-02,2022-05-02,26.4,23.9,30.0,0.0,0.0,100.0,18.4,,1018.0,,MIA,d) 20-30,a) 0-1,b) Light or Gentle Breeze
386,MIA 2022-05-03,2022-05-03,26.6,25.0,30.6,0.5,0.0,102.0,15.8,,1017.4,,MIA,d) 20-30,a) 0-1,b) Light or Gentle Breeze
387,MIA 2022-05-04,2022-05-04,26.8,22.8,31.1,7.1,0.0,58.0,7.9,,1016.9,,MIA,d) 20-30,b) 1-10,b) Light or Gentle Breeze
388,MIA 2022-05-05,2022-05-05,26.5,21.7,32.8,0.0,0.0,71.0,7.9,,1016.5,,MIA,d) 20-30,a) 0-1,b) Light or Gentle Breeze
389,MIA 2022-05-06,2022-05-06,28.6,24.4,33.9,0.0,0.0,216.0,11.5,,1014.7,,MIA,d) 20-30,a) 0-1,b) Light or Gentle Breeze
390,MIA 2022-05-07,2022-05-07,29.2,24.4,33.9,0.0,0.0,239.0,16.9,,1011.6,,MIA,d) 20-30,a) 0-1,b) Light or Gentle Breeze
391,MIA 2022-05-08,2022-05-08,27.7,23.9,34.4,3.8,0.0,281.0,10.4,,1010.6,,MIA,d) 20-30,b) 1-10,b) Light or Gentle Breeze
392,MIA 2022-05-09,2022-05-09,26.8,22.2,30.6,0.0,0.0,30.0,15.1,,1013.8,,MIA,d) 20-30,a) 0-1,b) Light or Gentle Breeze
393,MIA 2022-05-10,2022-05-10,25.8,21.1,29.4,0.0,0.0,33.0,14.8,,1016.5,,MIA,d) 20-30,a) 0-1,b) Light or Gentle Breeze
394,MIA 2022-05-11,2022-05-11,24.1,20.0,31.1,0.0,0.0,358.0,14.8,,1015.0,,MIA,d) 20-30,a) 0-1,b) Light or Gentle Breeze
395,MIA 2022-05-12,2022-05-12,23.9,20.0,28.9,4.1,0.0,12.0,8.6,,1013.2,,MIA,d) 20-30,b) 1-10,b) Light or Gentle Breeze
396,OAK 2022-04-10,2022-04-10,14.9,10.6,20.0,0.0,,300.0,20.2,,1015.1,,OAK,c) 10-20,a) 0-1,c) Moderate or Fresh Breeze
397,OAK 2022-04-11,2022-04-11,11.5,8.3,14.4,2.0,,279.0,37.1,,1014.3,,OAK,c) 10-20,b) 1-10,c) Moderate or Fresh Breeze
398,OAK 2022-04-12,2022-04-12,10.6,7.8,15.0,0.0,,304.0,27.0,,1022.7,,OAK,c) 10-20,a) 0-1,c) Moderate or Fresh Breeze
399,OAK 2022-04-13,2022-04-13,10.6,5.6,15.0,0.0,,255.0,13.7,,1024.2,,OAK,c) 10-20,a) 0-1,b) Light or Gentle Breeze
400,OAK 2022-04-14,2022-04-14,12.6,10.6,15.0,1.3,,204.0,19.8,,1018.4,,OAK,c) 10-20,b) 1-10,c) Moderate or Fresh Breeze
401,OAK 2022-04-15,2022-04-15,11.7,8.9,16.7,0.0,,284.0,14.0,,1016.8,,OAK,c) 10-20,a) 0-1,b) Light or Gentle Breeze
402,OAK 2022-04-16,2022-04-16,13.0,8.9,15.6,10.4,,226.0,24.5,,1016.5,,OAK,c) 10-20,c) 10-20,c) Moderate or Fresh Breeze
403,OAK 2022-04-17,2022-04-17,10.9,7.8,15.0,0.0,,268.0,17.3,,1023.0,,OAK,c) 10-20,a) 0-1,b) Light or Gentle Breeze
404,OAK 2022-04-18,2022-04-18,12.7,6.1,19.4,0.0,,190.0,13.3,,1019.1,,OAK,c) 10-20,a) 0-1,b) Light or Gentle Breeze
405,OAK 2022-04-19,2022-04-19,14.3,10.0,17.8,1.0,,264.0,14.8,,1017.0,,OAK,c) 10-20,a) 0-1,b) Light or Gentle Breeze
406,OAK 2022-04-20,2022-04-20,14.5,10.0,19.4,3.0,,193.0,20.2,,1015.2,,OAK,c) 10-20,b) 1-10,c) Moderate or Fresh Breeze
407,OAK 2022-04-21,2022-04-21,14.3,12.2,17.2,7.1,,234.0,20.5,,1013.6,,OAK,c) 10-20,b) 1-10,c) Moderate or Fresh Breeze
408,OAK 2022-04-22,2022-04-22,13.4,10.6,17.2,0.0,,279.0,18.4,,1019.0,,OAK,c) 10-20,a) 0-1,b) Light or Gentle Breeze
409,OAK 2022-04-23,2022-04-23,13.5,7.8,20.0,0.0,,277.0,13.0,,1023.0,,OAK,c) 10-20,a) 0-1,b) Light or Gentle Breeze
410,OAK 2022-04-24,2022-04-24,13.6,8.3,20.0,0.0,,295.0,13.7,,1020.6,,OAK,c) 10-20,a) 0-1,b) Light or Gentle Breeze
411,OAK 2022-04-25,2022-04-25,14.2,8.3,19.4,0.0,,245.0,18.4,,1018.1,,OAK,c) 10-20,a) 0-1,b) Light or Gentle Breeze
412,OAK 2022-04-26,2022-04-26,13.7,10.6,17.2,0.0,,265.0,18.7,,1016.4,,OAK,c) 10-20,a) 0-1,b) Light or Gentle Breeze
413,OAK 2022-04-27,2022-04-27,12.5,8.9,16.7,0.0,,251.0,23.0,,1016.4,,OAK,c) 10-20,a) 0-1,c) Moderate or Fresh Breeze
414,OAK 2022-04-28,2022-04-28,12.9,8.3,16.7,0.0,,283.0,28.8,,1018.5,,OAK,c) 10-20,a) 0-1,c) Moderate or Fresh Breeze
415,OAK 2022-04-29,2022-04-29,13.1,6.7,20.0,0.0,,256.0,12.2,,1020.0,,OAK,c) 10-20,a) 0-1,b) Light or Gentle Breeze
416,OAK 2022-04-30,2022-04-30,14.0,9.4,19.4,0.0,,260.0,21.2,,1017.1,,OAK,c) 10-20,a) 0-1,c) Moderate or Fresh Breeze
417,OAK 2022-05-01,2022-05-01,13.5,7.2,20.0,0.0,,275.0,16.2,,1014.2,,OAK,c) 10-20,a) 0-1,b) Light or Gentle Breeze
418,OAK 2022-05-02,2022-05-02,13.6,10.6,18.3,0.0,,274.0,21.6,,1016.6,,OAK,c) 10-20,a) 0-1,c) Moderate or Fresh Breeze
419,OAK 2022-05-03,2022-05-03,15.4,7.2,23.3,0.0,,316.0,13.7,,1016.1,,OAK,c) 10-20,a) 0-1,b) Light or Gentle Breeze
420,OAK 2022-05-04,2022-05-04,14.3,8.3,23.9,0.0,,304.0,14.0,,1014.6,,OAK,c) 10-20,a) 0-1,b) Light or Gentle Breeze
421,OAK 2022-05-05,2022-05-05,13.8,10.6,17.8,0.0,,273.0,15.5,,1017.9,,OAK,c) 10-20,a) 0-1,b) Light or Gentle Breeze
422,OAK 2022-05-06,2022-05-06,16.0,13.3,20.0,0.0,,284.0,13.7,,1018.7,,OAK,c) 10-20,a) 0-1,b) Light or Gentle Breeze
423,OAK 2022-05-07,2022-05-07,14.9,12.2,19.4,0.0,,291.0,25.9,,1017.9,,OAK,c) 10-20,a) 0-1,c) Moderate or Fresh Breeze
424,OAK 2022-05-08,2022-05-08,12.9,10.0,16.7,0.0,,288.0,32.0,,1016.6,,OAK,c) 10-20,a) 0-1,c) Moderate or Fresh Breeze
425,OAK 2022-05-09,2022-05-09,11.9,8.9,15.6,0.0,,286.0,20.5,,1018.4,,OAK,c) 10-20,a) 0-1,c) Moderate or Fresh Breeze
426,OAK 2022-05-10,2022-05-10,11.9,8.3,16.1,0.0,,287.0,24.1,,1021.9,,OAK,c) 10-20,a) 0-1,c) Moderate or Fresh Breeze
427,OAK 2022-05-11,2022-05-11,11.9,5.0,17.8,0.0,,291.0,18.4,,1024.4,,OAK,c) 10-20,a) 0-1,b) Light or Gentle Breeze
428,OAK 2022-05-12,2022-05-12,12.8,6.7,17.2,0.0,,287.0,16.2,,1026.7,,OAK,c) 10-20,a) 0-1,b) Light or Gentle Breeze
429,ORD 2022-04-10,2022-04-10,7.3,0.0,17.8,0.0,0.0,154.0,13.0,,1010.0,,ORD,b) 0-10,a) 0-1,b) Light or Gentle Breeze
430,ORD 2022-04-11,2022-04-11,13.8,7.2,16.7,0.0,0.0,242.0,14.8,,1008.0,,ORD,c) 10-20,a) 0-1,b) Light or Gentle Breeze
431,ORD 2022-04-12,2022-04-12,12.8,4.4,20.6,0.0,0.0,137.0,20.2,,1011.5,,ORD,c) 10-20,a) 0-1,c) Moderate or Fresh Breeze
432,ORD 2022-04-13,2022-04-13,19.1,3.9,22.2,6.6,0.0,212.0,22.7,,1000.3,,ORD,c) 10-20,b) 1-10,c) Moderate or Fresh Breeze
433,ORD 2022-04-14,2022-04-14,6.6,1.7,10.6,0.0,0.0,243.0,29.2,,1009.7,,ORD,b) 0-10,a) 0-1,c) Moderate or Fresh Breeze
434,ORD 2022-04-15,2022-04-15,7.6,4.4,11.7,0.3,0.0,251.0,22.0,,1012.9,,ORD,b) 0-10,a) 0-1,c) Moderate or Fresh Breeze
435,ORD 2022-04-16,2022-04-16,4.9,0.0,9.4,0.0,0.0,312.0,15.1,,1019.5,,ORD,b) 0-10,a) 0-1,b) Light or Gentle Breeze
436,ORD 2022-04-17,2022-04-17,2.7,-1.6,6.1,0.5,0.0,36.0,14.4,,1025.2,,ORD,b) 0-10,a) 0-1,b) Light or Gentle Breeze
437,ORD 2022-04-18,2022-04-18,2.5,0.6,5.0,3.8,0.0,306.0,15.5,,1019.1,,ORD,b) 0-10,b) 1-10,b) Light or Gentle Breeze
438,ORD 2022-04-19,2022-04-19,4.6,2.2,10.6,0.0,0.0,293.0,15.1,,1021.4,,ORD,b) 0-10,a) 0-1,b) Light or Gentle Breeze
439,ORD 2022-04-20,2022-04-20,7.4,5.0,11.1,6.1,0.0,150.0,22.3,,1018.9,,ORD,b) 0-10,b) 1-10,c) Moderate or Fresh Breeze
440,ORD 2022-04-21,2022-04-21,12.9,10.0,20.0,1.3,0.0,256.0,16.6,,1019.8,,ORD,c) 10-20,b) 1-10,b) Light or Gentle Breeze
441,ORD 2022-04-22,2022-04-22,11.2,7.8,11.7,20.3,0.0,64.0,15.5,,1025.3,,ORD,c) 10-20,d) 20-30,b) Light or Gentle Breeze
442,ORD 2022-04-23,2022-04-23,17.3,10.6,28.9,0.0,0.0,172.0,25.2,,1012.2,,ORD,c) 10-20,a) 0-1,c) Moderate or Fresh Breeze
443,ORD 2022-04-24,2022-04-24,21.3,12.2,22.8,10.4,0.0,216.0,25.6,,1008.6,,ORD,d) 20-30,c) 10-20,c) Moderate or Fresh Breeze
444,ORD 2022-04-25,2022-04-25,11.8,5.0,12.2,0.0,0.0,262.0,19.8,,1016.9,,ORD,c) 10-20,a) 0-1,c) Moderate or Fresh Breeze
445,ORD 2022-04-26,2022-04-26,5.9,1.1,10.6,0.0,0.0,285.0,19.1,,1024.6,,ORD,b) 0-10,a) 0-1,c) Moderate or Fresh Breeze
446,ORD 2022-04-27,2022-04-27,3.4,0.6,5.0,0.0,0.0,34.0,17.6,,1027.2,,ORD,b) 0-10,a) 0-1,b) Light or Gentle Breeze
447,ORD 2022-04-28,2022-04-28,5.6,3.3,10.0,0.0,0.0,90.0,16.6,,1023.3,,ORD,b) 0-10,a) 0-1,b) Light or Gentle Breeze
448,ORD 2022-04-29,2022-04-29,11.9,8.3,18.9,1.0,0.0,107.0,21.6,,1017.8,,ORD,c) 10-20,a) 0-1,c) Moderate or Fresh Breeze
449,ORD 2022-04-30,2022-04-30,14.2,10.6,20.6,39.1,0.0,129.0,22.7,,1008.4,,ORD,c) 10-20,e) 30+,c) Moderate or Fresh Breeze
450,ORD 2022-05-01,2022-05-01,12.6,9.4,13.3,0.0,0.0,229.0,21.6,,1008.2,,ORD,c) 10-20,a) 0-1,c) Moderate or Fresh Breeze
451,ORD 2022-05-02,2022-05-02,9.9,8.9,12.2,0.0,0.0,247.0,12.6,,1016.3,,ORD,b) 0-10,a) 0-1,b) Light or Gentle Breeze
452,ORD 2022-05-03,2022-05-03,9.0,6.7,10.0,33.3,0.0,34.0,28.8,,1012.0,,ORD,b) 0-10,e) 30+,c) Moderate or Fresh Breeze
453,ORD 2022-05-04,2022-05-04,7.8,3.9,13.3,0.0,0.0,34.0,16.6,,1022.1,,ORD,b) 0-10,a) 0-1,b) Light or Gentle Breeze
454,ORD 2022-05-05,2022-05-05,8.9,5.6,11.7,8.1,0.0,43.0,12.2,,1018.0,,ORD,b) 0-10,b) 1-10,b) Light or Gentle Breeze
455,ORD 2022-05-06,2022-05-06,9.3,8.3,11.7,7.4,0.0,38.0,25.6,,1009.1,,ORD,b) 0-10,b) 1-10,c) Moderate or Fresh Breeze
456,ORD 2022-05-07,2022-05-07,12.1,6.1,17.8,0.0,0.0,37.0,16.6,,1014.4,,ORD,c) 10-20,a) 0-1,b) Light or Gentle Breeze
457,ORD 2022-05-08,2022-05-08,12.3,6.1,18.3,0.0,0.0,125.0,15.8,,1014.3,,ORD,c) 10-20,a) 0-1,b) Light or Gentle Breeze
458,ORD 2022-05-09,2022-05-09,18.8,13.3,28.3,0.0,0.0,153.0,27.4,,1011.5,,ORD,c) 10-20,a) 0-1,c) Moderate or Fresh Breeze
459,ORD 2022-05-10,2022-05-10,25.1,20.6,31.7,0.0,0.0,182.0,17.6,,1015.4,,ORD,d) 20-30,a) 0-1,b) Light or Gentle Breeze
460,ORD 2022-05-11,2022-05-11,28.2,23.3,32.2,0.0,0.0,151.0,11.9,,1018.4,,ORD,d) 20-30,a) 0-1,b) Light or Gentle Breeze
461,ORD 2022-05-12,2022-05-12,27.5,23.3,32.8,0.0,0.0,163.0,18.4,,1016.6,,ORD,d) 20-30,a) 0-1,b) Light or Gentle Breeze
462,PHL 2022-04-10,2022-04-10,9.7,6.1,11.1,0.0,0.0,297.0,23.0,,1010.6,,PHL,b) 0-10,a) 0-1,c) Moderate or Fresh Breeze
463,PHL 2022-04-11,2022-04-11,9.2,2.8,16.1,0.0,0.0,245.0,10.4,,1019.3,,PHL,b) 0-10,a) 0-1,b) Light or Gentle Breeze
464,PHL 2022-04-12,2022-04-12,14.3,8.9,22.8,0.0,0.0,334.0,10.1,,1016.8,,PHL,c) 10-20,a) 0-1,b) Light or Gentle Breeze
465,PHL 2022-04-13,2022-04-13,18.4,11.1,26.7,0.0,0.0,151.0,10.8,,1014.7,,PHL,c) 10-20,a) 0-1,b) Light or Gentle Breeze
466,PHL 2022-04-14,2022-04-14,23.1,13.9,28.3,4.1,0.0,241.0,18.4,,1009.0,,PHL,d) 20-30,b) 1-10,b) Light or Gentle Breeze
467,PHL 2022-04-15,2022-04-15,16.1,8.3,21.1,0.0,0.0,271.0,15.5,,1019.3,,PHL,c) 10-20,a) 0-1,b) Light or Gentle Breeze
468,PHL 2022-04-16,2022-04-16,17.2,10.0,23.9,3.3,0.0,227.0,17.6,,1013.5,,PHL,c) 10-20,b) 1-10,b) Light or Gentle Breeze
469,PHL 2022-04-17,2022-04-17,10.1,2.8,11.1,0.0,0.0,339.0,18.4,,1020.6,,PHL,c) 10-20,a) 0-1,b) Light or Gentle Breeze
470,PHL 2022-04-18,2022-04-18,5.7,0.0,10.0,28.7,0.0,69.0,18.4,,1022.9,,PHL,b) 0-10,d) 20-30,b) Light or Gentle Breeze
471,PHL 2022-04-19,2022-04-19,7.2,3.9,11.1,2.5,0.0,291.0,29.2,,1010.2,,PHL,b) 0-10,b) 1-10,c) Moderate or Fresh Breeze
472,PHL 2022-04-20,2022-04-20,8.7,3.3,15.6,0.0,0.0,282.0,14.4,,1027.5,,PHL,b) 0-10,a) 0-1,b) Light or Gentle Breeze
473,PHL 2022-04-21,2022-04-21,11.7,6.1,17.2,0.0,0.0,187.0,14.4,,1030.4,,PHL,c) 10-20,a) 0-1,b) Light or Gentle Breeze
474,PHL 2022-04-22,2022-04-22,15.4,7.8,21.7,0.0,0.0,311.0,12.6,,1028.4,,PHL,c) 10-20,a) 0-1,b) Light or Gentle Breeze
475,PHL 2022-04-23,2022-04-23,14.3,11.1,16.7,0.0,0.0,112.0,10.8,,1027.3,,PHL,c) 10-20,a) 0-1,b) Light or Gentle Breeze
476,PHL 2022-04-24,2022-04-24,15.3,10.0,22.2,0.0,0.0,98.0,15.8,,1022.3,,PHL,c) 10-20,a) 0-1,b) Light or Gentle Breeze
477,PHL 2022-04-25,2022-04-25,12.4,7.8,16.7,0.0,0.0,88.0,15.8,,1022.5,,PHL,c) 10-20,a) 0-1,b) Light or Gentle Breeze
478,PHL 2022-04-26,2022-04-26,15.6,12.2,22.2,0.8,0.0,8.0,13.0,,1017.2,,PHL,c) 10-20,a) 0-1,b) Light or Gentle Breeze
479,PHL 2022-04-27,2022-04-27,13.2,6.7,15.0,0.0,0.0,297.0,28.4,,1016.6,,PHL,c) 10-20,a) 0-1,c) Moderate or Fresh Breeze
480,PHL 2022-04-28,2022-04-28,9.1,4.4,15.6,0.0,0.0,321.0,27.4,,1018.9,,PHL,b) 0-10,a) 0-1,c) Moderate or Fresh Breeze
481,PHL 2022-04-29,2022-04-29,11.7,6.1,18.9,0.0,0.0,319.0,19.8,,1020.5,,PHL,c) 10-20,a) 0-1,c) Moderate or Fresh Breeze
482,PHL 2022-04-30,2022-04-30,13.9,6.1,21.1,0.0,0.0,319.0,13.7,,1020.2,,PHL,c) 10-20,a) 0-1,b) Light or Gentle Breeze
483,PHL 2022-05-01,2022-05-01,15.2,7.2,22.8,0.0,0.0,264.0,6.8,,1019.2,,PHL,c) 10-20,a) 0-1,b) Light or Gentle Breeze
484,PHL 2022-05-02,2022-05-02,16.3,12.2,23.9,0.5,0.0,66.0,9.7,,1016.2,,PHL,c) 10-20,a) 0-1,b) Light or Gentle Breeze
485,PHL 2022-05-03,2022-05-03,17.4,11.1,23.9,0.0,0.0,79.0,14.8,,1019.5,,PHL,c) 10-20,a) 0-1,b) Light or Gentle Breeze
486,PHL 2022-05-04,2022-05-04,13.7,11.1,20.0,2.8,0.0,57.0,6.5,,1015.6,,PHL,c) 10-20,b) 1-10,b) Light or Gentle Breeze
487,PHL 2022-05-05,2022-05-05,18.6,15.0,23.9,0.0,0.0,339.0,11.9,,1017.8,,PHL,c) 10-20,a) 0-1,b) Light or Gentle Breeze
488,PHL 2022-05-06,2022-05-06,14.8,10.6,16.1,18.8,0.0,76.0,14.4,,1012.5,,PHL,c) 10-20,c) 10-20,b) Light or Gentle Breeze
489,PHL 2022-05-07,2022-05-07,10.8,7.2,12.2,22.4,0.0,52.0,32.0,,1007.7,,PHL,c) 10-20,d) 20-30,c) Moderate or Fresh Breeze
490,PHL 2022-05-08,2022-05-08,10.0,6.7,15.6,2.0,0.0,44.0,23.4,,1017.8,,PHL,b) 0-10,b) 1-10,c) Moderate or Fresh Breeze
491,PHL 2022-05-09,2022-05-09,14.8,9.4,22.8,0.0,0.0,48.0,21.6,,1022.5,,PHL,c) 10-20,a) 0-1,c) Moderate or Fresh Breeze
492,PHL 2022-05-10,2022-05-10,16.8,11.7,23.3,0.0,0.0,51.0,22.0,,1025.9,,PHL,c) 10-20,a) 0-1,c) Moderate or Fresh Breeze
493,PHL 2022-05-11,2022-05-11,17.2,12.2,23.3,0.0,0.0,53.0,18.7,,1024.3,,PHL,c) 10-20,a) 0-1,b) Light or Gentle Breeze
494,PHL 2022-05-12,2022-05-12,18.7,13.9,25.0,0.0,0.0,67.0,15.5,,1024.6,,PHL,c) 10-20,a) 0-1,b) Light or Gentle Breeze
495,SFO 2022-04-10,2022-04-10,13.5,10.0,17.2,0.0,,286.0,35.6,,1015.2,,SFO,c) 10-20,a) 0-1,c) Moderate or Fresh Breeze
496,SFO 2022-04-11,2022-04-11,11.5,8.3,13.9,3.0,,280.0,37.1,,1014.7,,SFO,c) 10-20,b) 1-10,c) Moderate or Fresh Breeze
497,SFO 2022-04-12,2022-04-12,10.4,7.8,14.4,0.0,,291.0,29.9,,1022.9,,SFO,c) 10-20,a) 0-1,c) Moderate or Fresh Breeze
498,SFO 2022-04-13,2022-04-13,10.9,7.2,16.1,0.0,,263.0,13.3,,1023.9,,SFO,c) 10-20,a) 0-1,b) Light or Gentle Breeze
499,SFO 2022-04-14,2022-04-14,12.8,10.0,16.1,0.5,,206.0,15.1,,1018.1,,SFO,c) 10-20,a) 0-1,b) Light or Gentle Breeze
500,SFO 2022-04-15,2022-04-15,12.6,8.3,17.8,0.0,,306.0,14.0,,1016.6,,SFO,c) 10-20,a) 0-1,b) Light or Gentle Breeze
501,SFO 2022-04-16,2022-04-16,13.8,8.3,16.7,10.2,,238.0,23.8,,1016.4,,SFO,c) 10-20,c) 10-20,c) Moderate or Fresh Breeze
502,SFO 2022-04-17,2022-04-17,11.0,7.8,15.0,0.0,,279.0,19.1,,1022.8,,SFO,c) 10-20,a) 0-1,c) Moderate or Fresh Breeze
503,SFO 2022-04-18,2022-04-18,11.8,7.2,20.0,0.0,,188.0,14.0,,1018.7,,SFO,c) 10-20,a) 0-1,b) Light or Gentle Breeze
504,SFO 2022-04-19,2022-04-19,14.9,11.1,18.3,2.3,,278.0,14.8,,1016.6,,SFO,c) 10-20,b) 1-10,b) Light or Gentle Breeze
505,SFO 2022-04-20,2022-04-20,14.4,11.1,20.0,4.3,,188.0,21.6,,1014.6,,SFO,c) 10-20,b) 1-10,c) Moderate or Fresh Breeze
506,SFO 2022-04-21,2022-04-21,15.2,12.2,17.8,4.3,,229.0,18.7,,1013.1,,SFO,c) 10-20,b) 1-10,b) Light or Gentle Breeze
507,SFO 2022-04-22,2022-04-22,13.8,10.6,16.7,0.0,,279.0,22.7,,1018.6,,SFO,c) 10-20,a) 0-1,c) Moderate or Fresh Breeze
508,SFO 2022-04-23,2022-04-23,13.8,10.6,21.1,0.0,,298.0,21.2,,1022.6,,SFO,c) 10-20,a) 0-1,c) Moderate or Fresh Breeze
509,SFO 2022-04-24,2022-04-24,13.9,10.6,19.4,0.0,,301.0,22.3,,1020.1,,SFO,c) 10-20,a) 0-1,c) Moderate or Fresh Breeze
510,SFO 2022-04-25,2022-04-25,13.9,10.0,20.0,0.0,,300.0,22.0,,1018.0,,SFO,c) 10-20,a) 0-1,c) Moderate or Fresh Breeze
511,SFO 2022-04-26,2022-04-26,13.6,10.0,16.7,0.0,,282.0,38.9,,1016.5,,SFO,c) 10-20,a) 0-1,d) Strong Breeze or worse
512,SFO 2022-04-27,2022-04-27,12.2,10.0,15.6,0.0,,275.0,32.8,,1016.5,,SFO,c) 10-20,a) 0-1,c) Moderate or Fresh Breeze
513,SFO 2022-04-28,2022-04-28,12.3,10.0,15.6,0.0,,287.0,33.8,,1018.7,,SFO,c) 10-20,a) 0-1,c) Moderate or Fresh Breeze
514,SFO 2022-04-29,2022-04-29,12.8,8.3,18.9,0.0,,288.0,19.4,,1020.0,,SFO,c) 10-20,a) 0-1,c) Moderate or Fresh Breeze
515,SFO 2022-04-30,2022-04-30,13.6,10.6,17.8,0.0,,283.0,32.0,,1017.2,,SFO,c) 10-20,a) 0-1,c) Moderate or Fresh Breeze
516,SFO 2022-05-01,2022-05-01,13.4,9.4,19.4,0.0,,290.0,25.6,,1014.1,,SFO,c) 10-20,a) 0-1,c) Moderate or Fresh Breeze
517,SFO 2022-05-02,2022-05-02,13.2,10.6,16.7,0.0,,274.0,33.5,,1016.6,,SFO,c) 10-20,a) 0-1,c) Moderate or Fresh Breeze
518,SFO 2022-05-03,2022-05-03,14.4,8.9,21.7,0.0,,295.0,21.2,,1016.0,,SFO,c) 10-20,a) 0-1,c) Moderate or Fresh Breeze
519,SFO 2022-05-04,2022-05-04,14.8,10.0,22.2,0.0,,312.0,19.1,,1014.4,,SFO,c) 10-20,a) 0-1,c) Moderate or Fresh Breeze
520,SFO 2022-05-05,2022-05-05,13.4,10.6,18.3,0.0,,295.0,16.9,,1017.5,,SFO,c) 10-20,a) 0-1,b) Light or Gentle Breeze
521,SFO 2022-05-06,2022-05-06,16.3,13.3,21.1,0.0,,308.0,14.8,,1018.3,,SFO,c) 10-20,a) 0-1,b) Light or Gentle Breeze
522,SFO 2022-05-07,2022-05-07,15.1,10.6,17.2,0.0,,294.0,36.7,,1017.9,,SFO,c) 10-20,a) 0-1,c) Moderate or Fresh Breeze
523,SFO 2022-05-08,2022-05-08,12.6,10.0,16.1,0.0,,293.0,31.7,,1016.7,,SFO,c) 10-20,a) 0-1,c) Moderate or Fresh Breeze
524,SFO 2022-05-09,2022-05-09,12.3,8.9,16.1,0.0,,278.0,18.4,,1018.3,,SFO,c) 10-20,a) 0-1,b) Light or Gentle Breeze
525,SFO 2022-05-10,2022-05-10,12.1,9.4,15.6,0.0,,285.0,27.0,,1021.9,,SFO,c) 10-20,a) 0-1,c) Moderate or Fresh Breeze
526,SFO 2022-05-11,2022-05-11,12.3,8.3,16.7,0.0,,288.0,26.6,,1024.3,,SFO,c) 10-20,a) 0-1,c) Moderate or Fresh Breeze
527,SFO 2022-05-12,2022-05-12,12.9,10.0,17.8,0.0,,292.0,29.5,,1026.4,,SFO,c) 10-20,a) 0-1,c) Moderate or Fresh Breeze
